{"type": "FeatureCollection", "metadata": {"fuente": "Global Fishing Watch — SAR vessel detections (Sentinel-1)", "atribucion": "Global Fishing Watch", "generado": "2026-10-09T18:27:02.811905+00:00", "ventana_dias": 30, "demo": false, "nota": null}, "features": [{"type": "Feature", "geometry": {"type": "Point", "coordinates": [-72.69000244140625, -42.05]}, "properties": {"matched": false, "detecciones": 1, "fecha": "2026-09-15", "fuente": "GFW / Sentinel-1"}}, {"type": "Feature", "geometry": {"type": "Point", "coordinates": [-72.98999786376953, -41.74]}, "properties": {"matched": false, "detecciones": 1, "fecha": "2026-09-19", "fuente": "GFW / Sentinel-1"}}, {"type": "Feature", "geometry": {"type": "Point", "coordinates": [-73.41000366210938, -39.88]}, "properties": {"matched": false, "detecciones": 1, "fecha": "2026-09-14", "fuente": "GFW / Sentinel-1"}}, {"type": "Feature", "geometry": {"type": "Point", "coordinates": [-73.2699966430664, -42.53]}, "properties": {"matched": false, "detecciones": 1, "fecha": "2026-09-27", "fuente": "GFW / Sentinel-1"}}, {"type": "Feature", "geometry": {"type": "Point", "coordinates": [-70.91000366210938, -53.22]}, "properties": {"matched": false, "detecciones": 1, "fecha": "2026-10-06", "fuente": "GFW / Sentinel-1"}}, {"type": "Feature", "geometry": {"type": "Point", "coordinates": [-72.44000244140625, -34.1]}, "properties": {"matched": false, "detecciones": 1, "fecha": "2026-10-02", "fuente": "GFW / Sentinel-1"}}, {"type": "Feature", "geometry": {"type": "Point", "coordinates": [-60.40999984741211, -51.18]}, "properties": {"matched": false, "detecciones": 1, "fecha": "2026-09-30", "fuente": "GFW / Sentinel-1"}}, {"type": "Feature", "geometry": {"type": "Point", "coordinates": [-71.76000213623047, -33.56]}, "properties": {"matched": false, "detecciones": 1, "fecha": "2026-09-22", "fuente": "GFW / Sentinel-1"}}, {"type": "Feature", "geometry": {"type": "Point", "coordinates": [-73.54000091552734, -42.74]}, "properties": {"matched": false, "detecciones": 1, "fecha": "2026-10-03", "fuente": "GFW / Sentinel-1"}}, {"type": "Feature", "geometry": {"type": "Point", "coordinates": [-71.56999969482422, -33]}, "properties": {"matched": false, "detecciones": 1, "fecha": "2026-09-22", "fuente": "GFW / Sentinel-1"}}, {"type": "Feature", "geometry": {"type": "Point", "coordinates": [-73.79000091552734, -43.69]}, "properties": {"matched": false, "detecciones": 1, "fecha": "2026-09-27", "fuente": "GFW / Sentinel-1"}}, {"type": "Feature", "geometry": {"type": "Point", "coordinates": [-72.66999816894531, -41.69]}, "properties": {"matched": false, "detecciones": 1, "fecha": "2026-09-26", "fuente": "GFW / Sentinel-1"}}, {"type": "Feature", "geometry": {"type": "Point", "coordinates": [-72.9800033569336, -41.82]}, "properties": {"matched": false, "detecciones": 1, "fecha": "2026-09-14", "fuente": "GFW / Sentinel-1"}}, {"type": "Feature", "geometry": {"type": "Point", "coordinates": [-72.58000183105469, -42.18]}, "properties": {"matched": false, "detecciones": 1, "fecha": "2026-09-14", "fuente": "GFW / Sentinel-1"}}, {"type": "Feature", "geometry": {"type": "Point", "coordinates": [-71.58999633789062, -33]}, "properties": {"matched": false, "detecciones": 1, "fecha": "2026-10-02", "fuente": "GFW / Sentinel-1"}}, {"type": "Feature", "geometry": {"type": "Point", "coordinates": [-50.369998931884766, -33.85]}, "properties": {"matched": false, "detecciones": 1, "fecha": "2026-09-18", "fuente": "GFW / Sentinel-1"}}, {"type": "Feature", "geometry": {"type": "Point", "coordinates": [-59.86000061035156, -51.23]}, "properties": {"matched": false, "detecciones": 1, "fecha": "2026-09-30", "fuente": "GFW / Sentinel-1"}}, {"type": "Feature", "geometry": {"type": "Point", "coordinates": [-65.12000274658203, -41.11]}, "properties": {"matched": false, "detecciones": 1, "fecha": "2026-09-13", "fuente": "GFW / Sentinel-1"}}, {"type": "Feature", "geometry": {"type": "Point", "coordinates": [-73.38999938964844, -42.39]}, "properties": {"matched": false, "detecciones": 1, "fecha": "2026-10-03", "fuente": "GFW / Sentinel-1"}}, {"type": "Feature", "geometry": {"type": "Point", "coordinates": [-73.30999755859375, -42.33]}, "properties": {"matched": false, "detecciones": 1, "fecha": "2026-09-15", "fuente": "GFW / Sentinel-1"}}, {"type": "Feature", "geometry": {"type": "Point", "coordinates": [-73.5199966430664, -45.49]}, "properties": {"matched": false, "detecciones": 1, "fecha": "2026-10-03", "fuente": "GFW / Sentinel-1"}}, {"type": "Feature", "geometry": {"type": "Point", "coordinates": [-73.70999908447266, -43.78]}, "properties": {"matched": false, "detecciones": 1, "fecha": "2026-09-15", "fuente": "GFW / Sentinel-1"}}, {"type": "Feature", "geometry": {"type": "Point", "coordinates": [-73.79000091552734, -51.82]}, "properties": {"matched": false, "detecciones": 1, "fecha": "2026-10-06", "fuente": "GFW / Sentinel-1"}}, {"type": "Feature", "geometry": {"type": "Point", "coordinates": [-73.12999725341797, -35.79]}, "properties": {"matched": false, "detecciones": 1, "fecha": "2026-09-15", "fuente": "GFW / Sentinel-1"}}, {"type": "Feature", "geometry": {"type": "Point", "coordinates": [-72.61000061035156, -44.43]}, "properties": {"matched": false, "detecciones": 1, "fecha": "2026-10-03", "fuente": "GFW / Sentinel-1"}}, {"type": "Feature", "geometry": {"type": "Point", "coordinates": [-73.79000091552734, -44.76]}, "properties": {"matched": false, "detecciones": 1, "fecha": "2026-09-12", "fuente": "GFW / Sentinel-1"}}, {"type": "Feature", "geometry": {"type": "Point", "coordinates": [-71.70999908447266, -33.58]}, "properties": {"matched": false, "detecciones": 1, "fecha": "2026-09-16", "fuente": "GFW / Sentinel-1"}}, {"type": "Feature", "geometry": {"type": "Point", "coordinates": [-73.77999877929688, -44.03]}, "properties": {"matched": false, "detecciones": 1, "fecha": "2026-09-09", "fuente": "GFW / Sentinel-1"}}, {"type": "Feature", "geometry": {"type": "Point", "coordinates": [-65.12000274658203, -41.13]}, "properties": {"matched": false, "detecciones": 1, "fecha": "2026-09-13", "fuente": "GFW / Sentinel-1"}}, {"type": "Feature", "geometry": {"type": "Point", "coordinates": [-69.36000061035156, -55.82]}, "properties": {"matched": false, "detecciones": 1, "fecha": "2026-09-18", "fuente": "GFW / Sentinel-1"}}, {"type": "Feature", "geometry": {"type": "Point", "coordinates": [-71.79000091552734, -33.02]}, "properties": {"matched": false, "detecciones": 1, "fecha": "2026-09-16", "fuente": "GFW / Sentinel-1"}}, {"type": "Feature", "geometry": {"type": "Point", "coordinates": [-73.29000091552734, -42.36]}, "properties": {"matched": false, "detecciones": 1, "fecha": "2026-09-21", "fuente": "GFW / Sentinel-1"}}, {"type": "Feature", "geometry": {"type": "Point", "coordinates": [-73.7300033569336, -43.81]}, "properties": {"matched": false, "detecciones": 1, "fecha": "2026-09-09", "fuente": "GFW / Sentinel-1"}}, {"type": "Feature", "geometry": {"type": "Point", "coordinates": [-73.72000122070312, -42.58]}, "properties": {"matched": false, "detecciones": 1, "fecha": "2026-09-09", "fuente": "GFW / Sentinel-1"}}, {"type": "Feature", "geometry": {"type": "Point", "coordinates": [-71.66000366210938, -33.6]}, "properties": {"matched": false, "detecciones": 1, "fecha": "2026-09-10", "fuente": "GFW / Sentinel-1"}}, {"type": "Feature", "geometry": {"type": "Point", "coordinates": [-71.8499984741211, -33.47]}, "properties": {"matched": false, "detecciones": 1, "fecha": "2026-10-02", "fuente": "GFW / Sentinel-1"}}, {"type": "Feature", "geometry": {"type": "Point", "coordinates": [-70.81999969482422, -53.07]}, "properties": {"matched": false, "detecciones": 1, "fecha": "2026-10-06", "fuente": "GFW / Sentinel-1"}}, {"type": "Feature", "geometry": {"type": "Point", "coordinates": [-73.77999877929688, -50.61]}, "properties": {"matched": false, "detecciones": 1, "fecha": "2026-09-22", "fuente": "GFW / Sentinel-1"}}, {"type": "Feature", "geometry": {"type": "Point", "coordinates": [-73.45999908447266, -41.92]}, "properties": {"matched": false, "detecciones": 1, "fecha": "2026-09-27", "fuente": "GFW / Sentinel-1"}}, {"type": "Feature", "geometry": {"type": "Point", "coordinates": [-73.12000274658203, -41.79]}, "properties": {"matched": false, "detecciones": 1, "fecha": "2026-09-19", "fuente": "GFW / Sentinel-1"}}, {"type": "Feature", "geometry": {"type": "Point", "coordinates": [-57.4900016784668, -38.01]}, "properties": {"matched": false, "detecciones": 1, "fecha": "2026-09-15", "fuente": "GFW / Sentinel-1"}}, {"type": "Feature", "geometry": {"type": "Point", "coordinates": [-73.91000366210938, -53.33]}, "properties": {"matched": false, "detecciones": 1, "fecha": "2026-09-29", "fuente": "GFW / Sentinel-1"}}, {"type": "Feature", "geometry": {"type": "Point", "coordinates": [-72.83999633789062, -42.01]}, "properties": {"matched": false, "detecciones": 1, "fecha": "2026-09-09", "fuente": "GFW / Sentinel-1"}}, {"type": "Feature", "geometry": {"type": "Point", "coordinates": [-62.18000030517578, -39.98]}, "properties": {"matched": false, "detecciones": 1, "fecha": "2026-09-26", "fuente": "GFW / Sentinel-1"}}, {"type": "Feature", "geometry": {"type": "Point", "coordinates": [-70.91999816894531, -53.35]}, "properties": {"matched": false, "detecciones": 1, "fecha": "2026-09-24", "fuente": "GFW / Sentinel-1"}}, {"type": "Feature", "geometry": {"type": "Point", "coordinates": [-57.81999969482422, -52.05]}, "properties": {"matched": false, "detecciones": 1, "fecha": "2026-09-30", "fuente": "GFW / Sentinel-1"}}, {"type": "Feature", "geometry": {"type": "Point", "coordinates": [-73.20999908447266, -41.89]}, "properties": {"matched": false, "detecciones": 1, "fecha": "2026-09-14", "fuente": "GFW / Sentinel-1"}}, {"type": "Feature", "geometry": {"type": "Point", "coordinates": [-66.26000213623047, -45.31]}, "properties": {"matched": false, "detecciones": 1, "fecha": "2026-09-25", "fuente": "GFW / Sentinel-1"}}, {"type": "Feature", "geometry": {"type": "Point", "coordinates": [-73.02999877929688, -42.03]}, "properties": {"matched": false, "detecciones": 1, "fecha": "2026-09-19", "fuente": "GFW / Sentinel-1"}}, {"type": "Feature", "geometry": {"type": "Point", "coordinates": [-73.55000305175781, -44.87]}, "properties": {"matched": false, "detecciones": 1, "fecha": "2026-09-09", "fuente": "GFW / Sentinel-1"}}, {"type": "Feature", "geometry": {"type": "Point", "coordinates": [-70.9000015258789, -53.2]}, "properties": {"matched": false, "detecciones": 1, "fecha": "2026-09-12", "fuente": "GFW / Sentinel-1"}}, {"type": "Feature", "geometry": {"type": "Point", "coordinates": [-73.30999755859375, -41.9]}, "properties": {"matched": false, "detecciones": 1, "fecha": "2026-09-14", "fuente": "GFW / Sentinel-1"}}, {"type": "Feature", "geometry": {"type": "Point", "coordinates": [-72.9800033569336, -41.79]}, "properties": {"matched": false, "detecciones": 1, "fecha": "2026-09-09", "fuente": "GFW / Sentinel-1"}}, {"type": "Feature", "geometry": {"type": "Point", "coordinates": [-73.12000274658203, -41.89]}, "properties": {"matched": false, "detecciones": 1, "fecha": "2026-09-15", "fuente": "GFW / Sentinel-1"}}, {"type": "Feature", "geometry": {"type": "Point", "coordinates": [-60.7599983215332, -39.15]}, "properties": {"matched": false, "detecciones": 1, "fecha": "2026-09-20", "fuente": "GFW / Sentinel-1"}}, {"type": "Feature", "geometry": {"type": "Point", "coordinates": [-71.05999755859375, -55.09]}, "properties": {"matched": false, "detecciones": 1, "fecha": "2026-09-12", "fuente": "GFW / Sentinel-1"}}, {"type": "Feature", "geometry": {"type": "Point", "coordinates": [-73.41000366210938, -45.01]}, "properties": {"matched": false, "detecciones": 1, "fecha": "2026-09-19", "fuente": "GFW / Sentinel-1"}}, {"type": "Feature", "geometry": {"type": "Point", "coordinates": [-73.63999938964844, -43.27]}, "properties": {"matched": false, "detecciones": 1, "fecha": "2026-09-27", "fuente": "GFW / Sentinel-1"}}, {"type": "Feature", "geometry": {"type": "Point", "coordinates": [-73.79000091552734, -44.16]}, "properties": {"matched": false, "detecciones": 1, "fecha": "2026-09-24", "fuente": "GFW / Sentinel-1"}}, {"type": "Feature", "geometry": {"type": "Point", "coordinates": [-73.48999786376953, -44.3]}, "properties": {"matched": false, "detecciones": 1, "fecha": "2026-10-03", "fuente": "GFW / Sentinel-1"}}, {"type": "Feature", "geometry": {"type": "Point", "coordinates": [-73.5999984741211, -42.67]}, "properties": {"matched": false, "detecciones": 1, "fecha": "2026-09-19", "fuente": "GFW / Sentinel-1"}}, {"type": "Feature", "geometry": {"type": "Point", "coordinates": [-72.77999877929688, -34.87]}, "properties": {"matched": false, "detecciones": 1, "fecha": "2026-09-27", "fuente": "GFW / Sentinel-1"}}, {"type": "Feature", "geometry": {"type": "Point", "coordinates": [-73.52999877929688, -42.39]}, "properties": {"matched": false, "detecciones": 1, "fecha": "2026-09-21", "fuente": "GFW / Sentinel-1"}}, {"type": "Feature", "geometry": {"type": "Point", "coordinates": [-61.45000076293945, -39.29]}, "properties": {"matched": false, "detecciones": 1, "fecha": "2026-09-26", "fuente": "GFW / Sentinel-1"}}, {"type": "Feature", "geometry": {"type": "Point", "coordinates": [-57.43000030517578, -38.09]}, "properties": {"matched": false, "detecciones": 1, "fecha": "2026-09-21", "fuente": "GFW / Sentinel-1"}}, {"type": "Feature", "geometry": {"type": "Point", "coordinates": [-72.56999969482422, -34.45]}, "properties": {"matched": false, "detecciones": 1, "fecha": "2026-10-02", "fuente": "GFW / Sentinel-1"}}, {"type": "Feature", "geometry": {"type": "Point", "coordinates": [-73.36000061035156, -45.67]}, "properties": {"matched": false, "detecciones": 1, "fecha": "2026-09-09", "fuente": "GFW / Sentinel-1"}}, {"type": "Feature", "geometry": {"type": "Point", "coordinates": [-73.26000213623047, -42.41]}, "properties": {"matched": false, "detecciones": 1, "fecha": "2026-09-27", "fuente": "GFW / Sentinel-1"}}, {"type": "Feature", "geometry": {"type": "Point", "coordinates": [-73.41000366210938, -42.89]}, "properties": {"matched": false, "detecciones": 1, "fecha": "2026-09-21", "fuente": "GFW / Sentinel-1"}}, {"type": "Feature", "geometry": {"type": "Point", "coordinates": [-72.94999694824219, -41.55]}, "properties": {"matched": false, "detecciones": 1, "fecha": "2026-09-14", "fuente": "GFW / Sentinel-1"}}, {"type": "Feature", "geometry": {"type": "Point", "coordinates": [-73.58999633789062, -44.13]}, "properties": {"matched": false, "detecciones": 1, "fecha": "2026-09-24", "fuente": "GFW / Sentinel-1"}}, {"type": "Feature", "geometry": {"type": "Point", "coordinates": [-73.30999755859375, -45.31]}, "properties": {"matched": false, "detecciones": 1, "fecha": "2026-10-03", "fuente": "GFW / Sentinel-1"}}, {"type": "Feature", "geometry": {"type": "Point", "coordinates": [-73.62999725341797, -36.42]}, "properties": {"matched": false, "detecciones": 1, "fecha": "2026-10-02", "fuente": "GFW / Sentinel-1"}}, {"type": "Feature", "geometry": {"type": "Point", "coordinates": [-71.87000274658203, -33.59]}, "properties": {"matched": false, "detecciones": 1, "fecha": "2026-09-10", "fuente": "GFW / Sentinel-1"}}, {"type": "Feature", "geometry": {"type": "Point", "coordinates": [-73.19999694824219, -41.85]}, "properties": {"matched": false, "detecciones": 1, "fecha": "2026-09-09", "fuente": "GFW / Sentinel-1"}}, {"type": "Feature", "geometry": {"type": "Point", "coordinates": [-73.33000183105469, -42.31]}, "properties": {"matched": false, "detecciones": 1, "fecha": "2026-10-03", "fuente": "GFW / Sentinel-1"}}, {"type": "Feature", "geometry": {"type": "Point", "coordinates": [-72.95999908447266, -41.53]}, "properties": {"matched": false, "detecciones": 1, "fecha": "2026-09-27", "fuente": "GFW / Sentinel-1"}}, {"type": "Feature", "geometry": {"type": "Point", "coordinates": [-73.70999908447266, -43.83]}, "properties": {"matched": false, "detecciones": 1, "fecha": "2026-09-21", "fuente": "GFW / Sentinel-1"}}, {"type": "Feature", "geometry": {"type": "Point", "coordinates": [-73.05999755859375, -42.41]}, "properties": {"matched": false, "detecciones": 1, "fecha": "2026-09-15", "fuente": "GFW / Sentinel-1"}}, {"type": "Feature", "geometry": {"type": "Point", "coordinates": [-73.33000183105469, -42.23]}, "properties": {"matched": false, "detecciones": 1, "fecha": "2026-09-26", "fuente": "GFW / Sentinel-1"}}, {"type": "Feature", "geometry": {"type": "Point", "coordinates": [-73.47000122070312, -43.18]}, "properties": {"matched": false, "detecciones": 1, "fecha": "2026-09-15", "fuente": "GFW / Sentinel-1"}}, {"type": "Feature", "geometry": {"type": "Point", "coordinates": [-73.12000274658203, -36.13]}, "properties": {"matched": false, "detecciones": 1, "fecha": "2026-09-27", "fuente": "GFW / Sentinel-1"}}, {"type": "Feature", "geometry": {"type": "Point", "coordinates": [-73.51000213623047, -42.35]}, "properties": {"matched": false, "detecciones": 1, "fecha": "2026-09-09", "fuente": "GFW / Sentinel-1"}}, {"type": "Feature", "geometry": {"type": "Point", "coordinates": [-72.68000030517578, -42.04]}, "properties": {"matched": false, "detecciones": 1, "fecha": "2026-09-09", "fuente": "GFW / Sentinel-1"}}, {"type": "Feature", "geometry": {"type": "Point", "coordinates": [-70.87000274658203, -53.38]}, "properties": {"matched": false, "detecciones": 1, "fecha": "2026-09-12", "fuente": "GFW / Sentinel-1"}}, {"type": "Feature", "geometry": {"type": "Point", "coordinates": [-73.05999755859375, -45.37]}, "properties": {"matched": false, "detecciones": 1, "fecha": "2026-10-03", "fuente": "GFW / Sentinel-1"}}, {"type": "Feature", "geometry": {"type": "Point", "coordinates": [-73.44999694824219, -41.89]}, "properties": {"matched": false, "detecciones": 1, "fecha": "2026-09-26", "fuente": "GFW / Sentinel-1"}}, {"type": "Feature", "geometry": {"type": "Point", "coordinates": [-72.81999969482422, -42.9]}, "properties": {"matched": false, "detecciones": 1, "fecha": "2026-09-21", "fuente": "GFW / Sentinel-1"}}, {"type": "Feature", "geometry": {"type": "Point", "coordinates": [-72.72000122070312, -42.03]}, "properties": {"matched": false, "detecciones": 1, "fecha": "2026-09-26", "fuente": "GFW / Sentinel-1"}}, {"type": "Feature", "geometry": {"type": "Point", "coordinates": [-72.87999725341797, -42.23]}, "properties": {"matched": false, "detecciones": 1, "fecha": "2026-09-14", "fuente": "GFW / Sentinel-1"}}, {"type": "Feature", "geometry": {"type": "Point", "coordinates": [-73.47000122070312, -43.12]}, "properties": {"matched": false, "detecciones": 1, "fecha": "2026-09-27", "fuente": "GFW / Sentinel-1"}}, {"type": "Feature", "geometry": {"type": "Point", "coordinates": [-72.91000366210938, -42.29]}, "properties": {"matched": false, "detecciones": 1, "fecha": "2026-09-15", "fuente": "GFW / Sentinel-1"}}, {"type": "Feature", "geometry": {"type": "Point", "coordinates": [-73.72000122070312, -37.66]}, "properties": {"matched": false, "detecciones": 1, "fecha": "2026-09-20", "fuente": "GFW / Sentinel-1"}}, {"type": "Feature", "geometry": {"type": "Point", "coordinates": [-72.0199966430664, -33.32]}, "properties": {"matched": false, "detecciones": 1, "fecha": "2026-09-22", "fuente": "GFW / Sentinel-1"}}, {"type": "Feature", "geometry": {"type": "Point", "coordinates": [-73.7300033569336, -37.65]}, "properties": {"matched": false, "detecciones": 1, "fecha": "2026-09-20", "fuente": "GFW / Sentinel-1"}}, {"type": "Feature", "geometry": {"type": "Point", "coordinates": [-73.91000366210938, -38.47]}, "properties": {"matched": false, "detecciones": 1, "fecha": "2026-10-02", "fuente": "GFW / Sentinel-1"}}, {"type": "Feature", "geometry": {"type": "Point", "coordinates": [-73.08999633789062, -35.3]}, "properties": {"matched": false, "detecciones": 1, "fecha": "2026-09-27", "fuente": "GFW / Sentinel-1"}}, {"type": "Feature", "geometry": {"type": "Point", "coordinates": [-73.2300033569336, -42.84]}, "properties": {"matched": false, "detecciones": 1, "fecha": "2026-10-03", "fuente": "GFW / Sentinel-1"}}, {"type": "Feature", "geometry": {"type": "Point", "coordinates": [-72.33000183105469, -41.55]}, "properties": {"matched": false, "detecciones": 1, "fecha": "2026-09-09", "fuente": "GFW / Sentinel-1"}}, {"type": "Feature", "geometry": {"type": "Point", "coordinates": [-59.540000915527344, -51.38]}, "properties": {"matched": false, "detecciones": 1, "fecha": "2026-09-30", "fuente": "GFW / Sentinel-1"}}, {"type": "Feature", "geometry": {"type": "Point", "coordinates": [-53.5, -34.57]}, "properties": {"matched": false, "detecciones": 1, "fecha": "2026-09-23", "fuente": "GFW / Sentinel-1"}}, {"type": "Feature", "geometry": {"type": "Point", "coordinates": [-72.91999816894531, -42.02]}, "properties": {"matched": false, "detecciones": 1, "fecha": "2026-09-26", "fuente": "GFW / Sentinel-1"}}, {"type": "Feature", "geometry": {"type": "Point", "coordinates": [-73.26000213623047, -41.91]}, "properties": {"matched": false, "detecciones": 1, "fecha": "2026-09-20", "fuente": "GFW / Sentinel-1"}}, {"type": "Feature", "geometry": {"type": "Point", "coordinates": [-59.88999938964844, -51.34]}, "properties": {"matched": false, "detecciones": 1, "fecha": "2026-09-30", "fuente": "GFW / Sentinel-1"}}, {"type": "Feature", "geometry": {"type": "Point", "coordinates": [-72.97000122070312, -54.13]}, "properties": {"matched": false, "detecciones": 1, "fecha": "2026-09-24", "fuente": "GFW / Sentinel-1"}}, {"type": "Feature", "geometry": {"type": "Point", "coordinates": [-73.0999984741211, -44.91]}, "properties": {"matched": false, "detecciones": 1, "fecha": "2026-09-21", "fuente": "GFW / Sentinel-1"}}, {"type": "Feature", "geometry": {"type": "Point", "coordinates": [-72.77999877929688, -42.22]}, "properties": {"matched": false, "detecciones": 1, "fecha": "2026-09-14", "fuente": "GFW / Sentinel-1"}}, {"type": "Feature", "geometry": {"type": "Point", "coordinates": [-73.47000122070312, -45.75]}, "properties": {"matched": false, "detecciones": 1, "fecha": "2026-09-15", "fuente": "GFW / Sentinel-1"}}, {"type": "Feature", "geometry": {"type": "Point", "coordinates": [-71.88999938964844, -54.43]}, "properties": {"matched": false, "detecciones": 1, "fecha": "2026-09-18", "fuente": "GFW / Sentinel-1"}}, {"type": "Feature", "geometry": {"type": "Point", "coordinates": [-71.62999725341797, -53.94]}, "properties": {"matched": false, "detecciones": 1, "fecha": "2026-09-18", "fuente": "GFW / Sentinel-1"}}, {"type": "Feature", "geometry": {"type": "Point", "coordinates": [-73.44000244140625, -43.21]}, "properties": {"matched": false, "detecciones": 1, "fecha": "2026-09-27", "fuente": "GFW / Sentinel-1"}}, {"type": "Feature", "geometry": {"type": "Point", "coordinates": [-69.61000061035156, -54.29]}, "properties": {"matched": false, "detecciones": 1, "fecha": "2026-10-06", "fuente": "GFW / Sentinel-1"}}, {"type": "Feature", "geometry": {"type": "Point", "coordinates": [-62.2599983215332, -40.1]}, "properties": {"matched": false, "detecciones": 1, "fecha": "2026-09-14", "fuente": "GFW / Sentinel-1"}}, {"type": "Feature", "geometry": {"type": "Point", "coordinates": [-60.09000015258789, -51.48]}, "properties": {"matched": false, "detecciones": 1, "fecha": "2026-09-30", "fuente": "GFW / Sentinel-1"}}, {"type": "Feature", "geometry": {"type": "Point", "coordinates": [-73.66000366210938, -43.61]}, "properties": {"matched": false, "detecciones": 1, "fecha": "2026-09-24", "fuente": "GFW / Sentinel-1"}}, {"type": "Feature", "geometry": {"type": "Point", "coordinates": [-71.12999725341797, -53.95]}, "properties": {"matched": false, "detecciones": 1, "fecha": "2026-10-06", "fuente": "GFW / Sentinel-1"}}, {"type": "Feature", "geometry": {"type": "Point", "coordinates": [-72.02999877929688, -33.33]}, "properties": {"matched": false, "detecciones": 1, "fecha": "2026-09-10", "fuente": "GFW / Sentinel-1"}}, {"type": "Feature", "geometry": {"type": "Point", "coordinates": [-73.01000213623047, -41.74]}, "properties": {"matched": false, "detecciones": 1, "fecha": "2026-09-15", "fuente": "GFW / Sentinel-1"}}, {"type": "Feature", "geometry": {"type": "Point", "coordinates": [-73.20999908447266, -41.9]}, "properties": {"matched": false, "detecciones": 1, "fecha": "2026-09-27", "fuente": "GFW / Sentinel-1"}}, {"type": "Feature", "geometry": {"type": "Point", "coordinates": [-72.45999908447266, -34.29]}, "properties": {"matched": false, "detecciones": 1, "fecha": "2026-10-02", "fuente": "GFW / Sentinel-1"}}, {"type": "Feature", "geometry": {"type": "Point", "coordinates": [-73.51000213623047, -44.73]}, "properties": {"matched": false, "detecciones": 1, "fecha": "2026-09-12", "fuente": "GFW / Sentinel-1"}}, {"type": "Feature", "geometry": {"type": "Point", "coordinates": [-73.45999908447266, -36.82]}, "properties": {"matched": false, "detecciones": 1, "fecha": "2026-10-02", "fuente": "GFW / Sentinel-1"}}, {"type": "Feature", "geometry": {"type": "Point", "coordinates": [-62.02000045776367, -40.14]}, "properties": {"matched": false, "detecciones": 1, "fecha": "2026-09-26", "fuente": "GFW / Sentinel-1"}}, {"type": "Feature", "geometry": {"type": "Point", "coordinates": [-70.95999908447266, -54.27]}, "properties": {"matched": false, "detecciones": 1, "fecha": "2026-09-12", "fuente": "GFW / Sentinel-1"}}, {"type": "Feature", "geometry": {"type": "Point", "coordinates": [-73.61000061035156, -42.73]}, "properties": {"matched": false, "detecciones": 1, "fecha": "2026-09-15", "fuente": "GFW / Sentinel-1"}}, {"type": "Feature", "geometry": {"type": "Point", "coordinates": [-73.0199966430664, -36.65]}, "properties": {"matched": false, "detecciones": 1, "fecha": "2026-09-27", "fuente": "GFW / Sentinel-1"}}, {"type": "Feature", "geometry": {"type": "Point", "coordinates": [-66.33999633789062, -48.32]}, "properties": {"matched": false, "detecciones": 1, "fecha": "2026-09-13", "fuente": "GFW / Sentinel-1"}}, {"type": "Feature", "geometry": {"type": "Point", "coordinates": [-72.93000030517578, -35.22]}, "properties": {"matched": false, "detecciones": 1, "fecha": "2026-10-02", "fuente": "GFW / Sentinel-1"}}, {"type": "Feature", "geometry": {"type": "Point", "coordinates": [-73.37000274658203, -38.91]}, "properties": {"matched": false, "detecciones": 1, "fecha": "2026-10-02", "fuente": "GFW / Sentinel-1"}}, {"type": "Feature", "geometry": {"type": "Point", "coordinates": [-71.69000244140625, -33.59]}, "properties": {"matched": false, "detecciones": 1, "fecha": "2026-09-10", "fuente": "GFW / Sentinel-1"}}, {"type": "Feature", "geometry": {"type": "Point", "coordinates": [-72.8499984741211, -41.87]}, "properties": {"matched": false, "detecciones": 1, "fecha": "2026-09-26", "fuente": "GFW / Sentinel-1"}}, {"type": "Feature", "geometry": {"type": "Point", "coordinates": [-73.41000366210938, -39.88]}, "properties": {"matched": false, "detecciones": 1, "fecha": "2026-10-02", "fuente": "GFW / Sentinel-1"}}, {"type": "Feature", "geometry": {"type": "Point", "coordinates": [-62.310001373291016, -38.95]}, "properties": {"matched": false, "detecciones": 1, "fecha": "2026-09-26", "fuente": "GFW / Sentinel-1"}}, {"type": "Feature", "geometry": {"type": "Point", "coordinates": [-72.62000274658203, -42.11]}, "properties": {"matched": false, "detecciones": 1, "fecha": "2026-09-27", "fuente": "GFW / Sentinel-1"}}, {"type": "Feature", "geometry": {"type": "Point", "coordinates": [-73.37999725341797, -42.08]}, "properties": {"matched": false, "detecciones": 1, "fecha": "2026-10-02", "fuente": "GFW / Sentinel-1"}}, {"type": "Feature", "geometry": {"type": "Point", "coordinates": [-73.79000091552734, -39.39]}, "properties": {"matched": false, "detecciones": 1, "fecha": "2026-09-26", "fuente": "GFW / Sentinel-1"}}, {"type": "Feature", "geometry": {"type": "Point", "coordinates": [-73.05999755859375, -41.91]}, "properties": {"matched": false, "detecciones": 1, "fecha": "2026-09-09", "fuente": "GFW / Sentinel-1"}}, {"type": "Feature", "geometry": {"type": "Point", "coordinates": [-72.86000061035156, -41.96]}, "properties": {"matched": false, "detecciones": 1, "fecha": "2026-09-09", "fuente": "GFW / Sentinel-1"}}, {"type": "Feature", "geometry": {"type": "Point", "coordinates": [-73.79000091552734, -37.35]}, "properties": {"matched": false, "detecciones": 1, "fecha": "2026-10-02", "fuente": "GFW / Sentinel-1"}}, {"type": "Feature", "geometry": {"type": "Point", "coordinates": [-73.45999908447266, -43.46]}, "properties": {"matched": false, "detecciones": 1, "fecha": "2026-09-09", "fuente": "GFW / Sentinel-1"}}, {"type": "Feature", "geometry": {"type": "Point", "coordinates": [-73.44999694824219, -43.22]}, "properties": {"matched": false, "detecciones": 1, "fecha": "2026-09-15", "fuente": "GFW / Sentinel-1"}}, {"type": "Feature", "geometry": {"type": "Point", "coordinates": [-73.70999908447266, -37.64]}, "properties": {"matched": false, "detecciones": 1, "fecha": "2026-09-20", "fuente": "GFW / Sentinel-1"}}, {"type": "Feature", "geometry": {"type": "Point", "coordinates": [-73.33000183105469, -42.33]}, "properties": {"matched": false, "detecciones": 1, "fecha": "2026-09-09", "fuente": "GFW / Sentinel-1"}}, {"type": "Feature", "geometry": {"type": "Point", "coordinates": [-66.3499984741211, -48.39]}, "properties": {"matched": false, "detecciones": 1, "fecha": "2026-09-13", "fuente": "GFW / Sentinel-1"}}, {"type": "Feature", "geometry": {"type": "Point", "coordinates": [-58.47999954223633, -38.63]}, "properties": {"matched": false, "detecciones": 1, "fecha": "2026-09-15", "fuente": "GFW / Sentinel-1"}}, {"type": "Feature", "geometry": {"type": "Point", "coordinates": [-71.66000366210938, -54.02]}, "properties": {"matched": false, "detecciones": 1, "fecha": "2026-09-30", "fuente": "GFW / Sentinel-1"}}, {"type": "Feature", "geometry": {"type": "Point", "coordinates": [-73.69000244140625, -45.37]}, "properties": {"matched": false, "detecciones": 1, "fecha": "2026-09-24", "fuente": "GFW / Sentinel-1"}}, {"type": "Feature", "geometry": {"type": "Point", "coordinates": [-73.88999938964844, -41.5]}, "properties": {"matched": false, "detecciones": 1, "fecha": "2026-09-19", "fuente": "GFW / Sentinel-1"}}, {"type": "Feature", "geometry": {"type": "Point", "coordinates": [-64.62000274658203, -41.1]}, "properties": {"matched": false, "detecciones": 1, "fecha": "2026-09-13", "fuente": "GFW / Sentinel-1"}}, {"type": "Feature", "geometry": {"type": "Point", "coordinates": [-70.62999725341797, -55.12]}, "properties": {"matched": false, "detecciones": 1, "fecha": "2026-09-24", "fuente": "GFW / Sentinel-1"}}, {"type": "Feature", "geometry": {"type": "Point", "coordinates": [-73.01000213623047, -36.42]}, "properties": {"matched": false, "detecciones": 1, "fecha": "2026-10-02", "fuente": "GFW / Sentinel-1"}}, {"type": "Feature", "geometry": {"type": "Point", "coordinates": [-71.69000244140625, -33.6]}, "properties": {"matched": false, "detecciones": 1, "fecha": "2026-09-10", "fuente": "GFW / Sentinel-1"}}, {"type": "Feature", "geometry": {"type": "Point", "coordinates": [-73.37000274658203, -42.36]}, "properties": {"matched": false, "detecciones": 1, "fecha": "2026-09-09", "fuente": "GFW / Sentinel-1"}}, {"type": "Feature", "geometry": {"type": "Point", "coordinates": [-73.05000305175781, -41.9]}, "properties": {"matched": false, "detecciones": 1, "fecha": "2026-09-19", "fuente": "GFW / Sentinel-1"}}, {"type": "Feature", "geometry": {"type": "Point", "coordinates": [-70.87000274658203, -53.22]}, "properties": {"matched": false, "detecciones": 1, "fecha": "2026-09-12", "fuente": "GFW / Sentinel-1"}}, {"type": "Feature", "geometry": {"type": "Point", "coordinates": [-73.3499984741211, -42.87]}, "properties": {"matched": false, "detecciones": 1, "fecha": "2026-09-15", "fuente": "GFW / Sentinel-1"}}, {"type": "Feature", "geometry": {"type": "Point", "coordinates": [-72.9000015258789, -41.54]}, "properties": {"matched": false, "detecciones": 1, "fecha": "2026-09-20", "fuente": "GFW / Sentinel-1"}}, {"type": "Feature", "geometry": {"type": "Point", "coordinates": [-72.94000244140625, -45.44]}, "properties": {"matched": false, "detecciones": 1, "fecha": "2026-09-15", "fuente": "GFW / Sentinel-1"}}, {"type": "Feature", "geometry": {"type": "Point", "coordinates": [-65.01000213623047, -41.47]}, "properties": {"matched": false, "detecciones": 1, "fecha": "2026-09-13", "fuente": "GFW / Sentinel-1"}}, {"type": "Feature", "geometry": {"type": "Point", "coordinates": [-73.9800033569336, -44.88]}, "properties": {"matched": false, "detecciones": 1, "fecha": "2026-09-19", "fuente": "GFW / Sentinel-1"}}, {"type": "Feature", "geometry": {"type": "Point", "coordinates": [-72.9800033569336, -41.64]}, "properties": {"matched": false, "detecciones": 1, "fecha": "2026-09-21", "fuente": "GFW / Sentinel-1"}}, {"type": "Feature", "geometry": {"type": "Point", "coordinates": [-73.2300033569336, -42.15]}, "properties": {"matched": false, "detecciones": 1, "fecha": "2026-09-26", "fuente": "GFW / Sentinel-1"}}, {"type": "Feature", "geometry": {"type": "Point", "coordinates": [-68.33000183105469, -54.87]}, "properties": {"matched": false, "detecciones": 1, "fecha": "2026-09-25", "fuente": "GFW / Sentinel-1"}}, {"type": "Feature", "geometry": {"type": "Point", "coordinates": [-73.63999938964844, -45.87]}, "properties": {"matched": false, "detecciones": 1, "fecha": "2026-09-12", "fuente": "GFW / Sentinel-1"}}, {"type": "Feature", "geometry": {"type": "Point", "coordinates": [-73.70999908447266, -43.62]}, "properties": {"matched": false, "detecciones": 1, "fecha": "2026-09-12", "fuente": "GFW / Sentinel-1"}}, {"type": "Feature", "geometry": {"type": "Point", "coordinates": [-66.94999694824219, -45.6]}, "properties": {"matched": false, "detecciones": 1, "fecha": "2026-09-18", "fuente": "GFW / Sentinel-1"}}, {"type": "Feature", "geometry": {"type": "Point", "coordinates": [-72.9000015258789, -41.66]}, "properties": {"matched": false, "detecciones": 1, "fecha": "2026-09-15", "fuente": "GFW / Sentinel-1"}}, {"type": "Feature", "geometry": {"type": "Point", "coordinates": [-72.19999694824219, -33.86]}, "properties": {"matched": false, "detecciones": 1, "fecha": "2026-09-10", "fuente": "GFW / Sentinel-1"}}, {"type": "Feature", "geometry": {"type": "Point", "coordinates": [-73.45999908447266, -42.58]}, "properties": {"matched": false, "detecciones": 1, "fecha": "2026-09-21", "fuente": "GFW / Sentinel-1"}}, {"type": "Feature", "geometry": {"type": "Point", "coordinates": [-73.5199966430664, -44.74]}, "properties": {"matched": false, "detecciones": 1, "fecha": "2026-09-09", "fuente": "GFW / Sentinel-1"}}, {"type": "Feature", "geometry": {"type": "Point", "coordinates": [-70.8499984741211, -53.12]}, "properties": {"matched": false, "detecciones": 1, "fecha": "2026-09-24", "fuente": "GFW / Sentinel-1"}}, {"type": "Feature", "geometry": {"type": "Point", "coordinates": [-72.87000274658203, -41.67]}, "properties": {"matched": false, "detecciones": 1, "fecha": "2026-09-27", "fuente": "GFW / Sentinel-1"}}, {"type": "Feature", "geometry": {"type": "Point", "coordinates": [-73.0199966430664, -41.61]}, "properties": {"matched": false, "detecciones": 1, "fecha": "2026-09-14", "fuente": "GFW / Sentinel-1"}}, {"type": "Feature", "geometry": {"type": "Point", "coordinates": [-71.58000183105469, -33]}, "properties": {"matched": false, "detecciones": 1, "fecha": "2026-09-10", "fuente": "GFW / Sentinel-1"}}, {"type": "Feature", "geometry": {"type": "Point", "coordinates": [-73.30999755859375, -42.2]}, "properties": {"matched": false, "detecciones": 1, "fecha": "2026-09-09", "fuente": "GFW / Sentinel-1"}}, {"type": "Feature", "geometry": {"type": "Point", "coordinates": [-73.72000122070312, -43.64]}, "properties": {"matched": false, "detecciones": 1, "fecha": "2026-09-09", "fuente": "GFW / Sentinel-1"}}, {"type": "Feature", "geometry": {"type": "Point", "coordinates": [-73.3499984741211, -37.03]}, "properties": {"matched": false, "detecciones": 1, "fecha": "2026-09-26", "fuente": "GFW / Sentinel-1"}}, {"type": "Feature", "geometry": {"type": "Point", "coordinates": [-71.66999816894531, -54.67]}, "properties": {"matched": false, "detecciones": 1, "fecha": "2026-09-18", "fuente": "GFW / Sentinel-1"}}, {"type": "Feature", "geometry": {"type": "Point", "coordinates": [-72.87000274658203, -42.36]}, "properties": {"matched": false, "detecciones": 1, "fecha": "2026-09-15", "fuente": "GFW / Sentinel-1"}}, {"type": "Feature", "geometry": {"type": "Point", "coordinates": [-73.66999816894531, -46.22]}, "properties": {"matched": false, "detecciones": 1, "fecha": "2026-09-22", "fuente": "GFW / Sentinel-1"}}, {"type": "Feature", "geometry": {"type": "Point", "coordinates": [-73, -45.41]}, "properties": {"matched": false, "detecciones": 1, "fecha": "2026-09-27", "fuente": "GFW / Sentinel-1"}}, {"type": "Feature", "geometry": {"type": "Point", "coordinates": [-72.45999908447266, -34.24]}, "properties": {"matched": false, "detecciones": 1, "fecha": "2026-10-02", "fuente": "GFW / Sentinel-1"}}, {"type": "Feature", "geometry": {"type": "Point", "coordinates": [-73.30999755859375, -41.81]}, "properties": {"matched": false, "detecciones": 1, "fecha": "2026-09-15", "fuente": "GFW / Sentinel-1"}}, {"type": "Feature", "geometry": {"type": "Point", "coordinates": [-73.37000274658203, -42.05]}, "properties": {"matched": false, "detecciones": 1, "fecha": "2026-10-02", "fuente": "GFW / Sentinel-1"}}, {"type": "Feature", "geometry": {"type": "Point", "coordinates": [-73.05999755859375, -41.93]}, "properties": {"matched": false, "detecciones": 1, "fecha": "2026-09-27", "fuente": "GFW / Sentinel-1"}}, {"type": "Feature", "geometry": {"type": "Point", "coordinates": [-72.08999633789062, -33.48]}, "properties": {"matched": false, "detecciones": 1, "fecha": "2026-09-22", "fuente": "GFW / Sentinel-1"}}, {"type": "Feature", "geometry": {"type": "Point", "coordinates": [-71.58000183105469, -33.01]}, "properties": {"matched": false, "detecciones": 1, "fecha": "2026-10-04", "fuente": "GFW / Sentinel-1"}}, {"type": "Feature", "geometry": {"type": "Point", "coordinates": [-72.5199966430664, -34.48]}, "properties": {"matched": false, "detecciones": 1, "fecha": "2026-09-27", "fuente": "GFW / Sentinel-1"}}, {"type": "Feature", "geometry": {"type": "Point", "coordinates": [-72.25, -34.62]}, "properties": {"matched": false, "detecciones": 1, "fecha": "2026-10-02", "fuente": "GFW / Sentinel-1"}}, {"type": "Feature", "geometry": {"type": "Point", "coordinates": [-70.83000183105469, -53.17]}, "properties": {"matched": false, "detecciones": 1, "fecha": "2026-09-12", "fuente": "GFW / Sentinel-1"}}, {"type": "Feature", "geometry": {"type": "Point", "coordinates": [-64.9800033569336, -40.91]}, "properties": {"matched": false, "detecciones": 1, "fecha": "2026-09-25", "fuente": "GFW / Sentinel-1"}}, {"type": "Feature", "geometry": {"type": "Point", "coordinates": [-72.5999984741211, -34.46]}, "properties": {"matched": false, "detecciones": 1, "fecha": "2026-09-27", "fuente": "GFW / Sentinel-1"}}, {"type": "Feature", "geometry": {"type": "Point", "coordinates": [-72.75, -34.62]}, "properties": {"matched": false, "detecciones": 1, "fecha": "2026-09-27", "fuente": "GFW / Sentinel-1"}}, {"type": "Feature", "geometry": {"type": "Point", "coordinates": [-60.86000061035156, -51.23]}, "properties": {"matched": false, "detecciones": 1, "fecha": "2026-09-30", "fuente": "GFW / Sentinel-1"}}, {"type": "Feature", "geometry": {"type": "Point", "coordinates": [-71.72000122070312, -54.27]}, "properties": {"matched": false, "detecciones": 1, "fecha": "2026-09-24", "fuente": "GFW / Sentinel-1"}}, {"type": "Feature", "geometry": {"type": "Point", "coordinates": [-73.45999908447266, -43.11]}, "properties": {"matched": false, "detecciones": 1, "fecha": "2026-09-21", "fuente": "GFW / Sentinel-1"}}, {"type": "Feature", "geometry": {"type": "Point", "coordinates": [-73.33999633789062, -37.02]}, "properties": {"matched": false, "detecciones": 1, "fecha": "2026-09-26", "fuente": "GFW / Sentinel-1"}}, {"type": "Feature", "geometry": {"type": "Point", "coordinates": [-73.12000274658203, -35.54]}, "properties": {"matched": false, "detecciones": 1, "fecha": "2026-10-02", "fuente": "GFW / Sentinel-1"}}, {"type": "Feature", "geometry": {"type": "Point", "coordinates": [-73.08000183105469, -45.36]}, "properties": {"matched": false, "detecciones": 1, "fecha": "2026-09-09", "fuente": "GFW / Sentinel-1"}}, {"type": "Feature", "geometry": {"type": "Point", "coordinates": [-73.70999908447266, -39.08]}, "properties": {"matched": false, "detecciones": 1, "fecha": "2026-09-26", "fuente": "GFW / Sentinel-1"}}, {"type": "Feature", "geometry": {"type": "Point", "coordinates": [-73.44000244140625, -44.07]}, "properties": {"matched": false, "detecciones": 1, "fecha": "2026-09-21", "fuente": "GFW / Sentinel-1"}}, {"type": "Feature", "geometry": {"type": "Point", "coordinates": [-73.41999816894531, -44.2]}, "properties": {"matched": false, "detecciones": 1, "fecha": "2026-09-24", "fuente": "GFW / Sentinel-1"}}, {"type": "Feature", "geometry": {"type": "Point", "coordinates": [-73.30999755859375, -43.05]}, "properties": {"matched": false, "detecciones": 1, "fecha": "2026-09-19", "fuente": "GFW / Sentinel-1"}}, {"type": "Feature", "geometry": {"type": "Point", "coordinates": [-58.38999938964844, -51.5]}, "properties": {"matched": false, "detecciones": 1, "fecha": "2026-09-30", "fuente": "GFW / Sentinel-1"}}, {"type": "Feature", "geometry": {"type": "Point", "coordinates": [-72.38999938964844, -52.72]}, "properties": {"matched": false, "detecciones": 1, "fecha": "2026-09-24", "fuente": "GFW / Sentinel-1"}}, {"type": "Feature", "geometry": {"type": "Point", "coordinates": [-73.61000061035156, -36.04]}, "properties": {"matched": false, "detecciones": 1, "fecha": "2026-10-02", "fuente": "GFW / Sentinel-1"}}, {"type": "Feature", "geometry": {"type": "Point", "coordinates": [-59.09000015258789, -38.87]}, "properties": {"matched": false, "detecciones": 1, "fecha": "2026-09-27", "fuente": "GFW / Sentinel-1"}}, {"type": "Feature", "geometry": {"type": "Point", "coordinates": [-73.19000244140625, -41.85]}, "properties": {"matched": false, "detecciones": 1, "fecha": "2026-10-02", "fuente": "GFW / Sentinel-1"}}, {"type": "Feature", "geometry": {"type": "Point", "coordinates": [-69.37000274658203, -55.56]}, "properties": {"matched": false, "detecciones": 1, "fecha": "2026-09-18", "fuente": "GFW / Sentinel-1"}}, {"type": "Feature", "geometry": {"type": "Point", "coordinates": [-72.91000366210938, -42.7]}, "properties": {"matched": false, "detecciones": 1, "fecha": "2026-09-27", "fuente": "GFW / Sentinel-1"}}, {"type": "Feature", "geometry": {"type": "Point", "coordinates": [-71.19999694824219, -53.9]}, "properties": {"matched": false, "detecciones": 1, "fecha": "2026-10-06", "fuente": "GFW / Sentinel-1"}}, {"type": "Feature", "geometry": {"type": "Point", "coordinates": [-72.52999877929688, -34.47]}, "properties": {"matched": false, "detecciones": 1, "fecha": "2026-09-27", "fuente": "GFW / Sentinel-1"}}, {"type": "Feature", "geometry": {"type": "Point", "coordinates": [-73.7699966430664, -43.98]}, "properties": {"matched": false, "detecciones": 1, "fecha": "2026-09-12", "fuente": "GFW / Sentinel-1"}}, {"type": "Feature", "geometry": {"type": "Point", "coordinates": [-73.6500015258789, -43.42]}, "properties": {"matched": false, "detecciones": 1, "fecha": "2026-09-15", "fuente": "GFW / Sentinel-1"}}, {"type": "Feature", "geometry": {"type": "Point", "coordinates": [-73.62999725341797, -51.91]}, "properties": {"matched": false, "detecciones": 1, "fecha": "2026-10-06", "fuente": "GFW / Sentinel-1"}}, {"type": "Feature", "geometry": {"type": "Point", "coordinates": [-73.6500015258789, -43.18]}, "properties": {"matched": false, "detecciones": 1, "fecha": "2026-09-21", "fuente": "GFW / Sentinel-1"}}, {"type": "Feature", "geometry": {"type": "Point", "coordinates": [-73.20999908447266, -35.54]}, "properties": {"matched": false, "detecciones": 1, "fecha": "2026-09-27", "fuente": "GFW / Sentinel-1"}}, {"type": "Feature", "geometry": {"type": "Point", "coordinates": [-60.5, -51.78]}, "properties": {"matched": false, "detecciones": 1, "fecha": "2026-09-30", "fuente": "GFW / Sentinel-1"}}, {"type": "Feature", "geometry": {"type": "Point", "coordinates": [-73.12000274658203, -41.96]}, "properties": {"matched": false, "detecciones": 1, "fecha": "2026-09-27", "fuente": "GFW / Sentinel-1"}}, {"type": "Feature", "geometry": {"type": "Point", "coordinates": [-60.06999969482422, -51.39]}, "properties": {"matched": false, "detecciones": 1, "fecha": "2026-09-30", "fuente": "GFW / Sentinel-1"}}, {"type": "Feature", "geometry": {"type": "Point", "coordinates": [-73.41000366210938, -39.88]}, "properties": {"matched": false, "detecciones": 1, "fecha": "2026-09-20", "fuente": "GFW / Sentinel-1"}}, {"type": "Feature", "geometry": {"type": "Point", "coordinates": [-73.19999694824219, -42.23]}, "properties": {"matched": false, "detecciones": 1, "fecha": "2026-09-21", "fuente": "GFW / Sentinel-1"}}, {"type": "Feature", "geometry": {"type": "Point", "coordinates": [-71.83000183105469, -33.62]}, "properties": {"matched": false, "detecciones": 1, "fecha": "2026-10-04", "fuente": "GFW / Sentinel-1"}}, {"type": "Feature", "geometry": {"type": "Point", "coordinates": [-73.20999908447266, -42.24]}, "properties": {"matched": false, "detecciones": 1, "fecha": "2026-09-27", "fuente": "GFW / Sentinel-1"}}, {"type": "Feature", "geometry": {"type": "Point", "coordinates": [-73.62000274658203, -45.03]}, "properties": {"matched": false, "detecciones": 1, "fecha": "2026-09-09", "fuente": "GFW / Sentinel-1"}}, {"type": "Feature", "geometry": {"type": "Point", "coordinates": [-61.36000061035156, -39.42]}, "properties": {"matched": false, "detecciones": 1, "fecha": "2026-09-20", "fuente": "GFW / Sentinel-1"}}, {"type": "Feature", "geometry": {"type": "Point", "coordinates": [-70.87999725341797, -53.59]}, "properties": {"matched": false, "detecciones": 1, "fecha": "2026-09-18", "fuente": "GFW / Sentinel-1"}}, {"type": "Feature", "geometry": {"type": "Point", "coordinates": [-72.94999694824219, -51.97]}, "properties": {"matched": false, "detecciones": 1, "fecha": "2026-09-12", "fuente": "GFW / Sentinel-1"}}, {"type": "Feature", "geometry": {"type": "Point", "coordinates": [-72.06999969482422, -33.74]}, "properties": {"matched": false, "detecciones": 1, "fecha": "2026-09-10", "fuente": "GFW / Sentinel-1"}}, {"type": "Feature", "geometry": {"type": "Point", "coordinates": [-73.66999816894531, -44.22]}, "properties": {"matched": false, "detecciones": 1, "fecha": "2026-09-12", "fuente": "GFW / Sentinel-1"}}, {"type": "Feature", "geometry": {"type": "Point", "coordinates": [-62.40999984741211, -40.3]}, "properties": {"matched": false, "detecciones": 1, "fecha": "2026-09-20", "fuente": "GFW / Sentinel-1"}}, {"type": "Feature", "geometry": {"type": "Point", "coordinates": [-72.19000244140625, -52.65]}, "properties": {"matched": false, "detecciones": 1, "fecha": "2026-09-24", "fuente": "GFW / Sentinel-1"}}, {"type": "Feature", "geometry": {"type": "Point", "coordinates": [-73.55999755859375, -36.37]}, "properties": {"matched": false, "detecciones": 1, "fecha": "2026-10-02", "fuente": "GFW / Sentinel-1"}}, {"type": "Feature", "geometry": {"type": "Point", "coordinates": [-73.58999633789062, -45.15]}, "properties": {"matched": false, "detecciones": 1, "fecha": "2026-09-09", "fuente": "GFW / Sentinel-1"}}, {"type": "Feature", "geometry": {"type": "Point", "coordinates": [-71.68000030517578, -33.6]}, "properties": {"matched": false, "detecciones": 1, "fecha": "2026-09-16", "fuente": "GFW / Sentinel-1"}}, {"type": "Feature", "geometry": {"type": "Point", "coordinates": [-72.48999786376953, -34.57]}, "properties": {"matched": false, "detecciones": 1, "fecha": "2026-10-02", "fuente": "GFW / Sentinel-1"}}, {"type": "Feature", "geometry": {"type": "Point", "coordinates": [-73.02999877929688, -41.59]}, "properties": {"matched": false, "detecciones": 1, "fecha": "2026-09-27", "fuente": "GFW / Sentinel-1"}}, {"type": "Feature", "geometry": {"type": "Point", "coordinates": [-59.560001373291016, -51.42]}, "properties": {"matched": false, "detecciones": 1, "fecha": "2026-09-30", "fuente": "GFW / Sentinel-1"}}, {"type": "Feature", "geometry": {"type": "Point", "coordinates": [-73.47000122070312, -43.46]}, "properties": {"matched": false, "detecciones": 1, "fecha": "2026-09-15", "fuente": "GFW / Sentinel-1"}}, {"type": "Feature", "geometry": {"type": "Point", "coordinates": [-72.87999725341797, -42]}, "properties": {"matched": false, "detecciones": 1, "fecha": "2026-09-20", "fuente": "GFW / Sentinel-1"}}, {"type": "Feature", "geometry": {"type": "Point", "coordinates": [-73.27999877929688, -39.43]}, "properties": {"matched": false, "detecciones": 1, "fecha": "2026-09-15", "fuente": "GFW / Sentinel-1"}}, {"type": "Feature", "geometry": {"type": "Point", "coordinates": [-62.13999938964844, -38.9]}, "properties": {"matched": false, "detecciones": 1, "fecha": "2026-09-20", "fuente": "GFW / Sentinel-1"}}, {"type": "Feature", "geometry": {"type": "Point", "coordinates": [-58.400001525878906, -51.47]}, "properties": {"matched": false, "detecciones": 1, "fecha": "2026-09-30", "fuente": "GFW / Sentinel-1"}}, {"type": "Feature", "geometry": {"type": "Point", "coordinates": [-72.68000030517578, -42.51]}, "properties": {"matched": false, "detecciones": 1, "fecha": "2026-09-14", "fuente": "GFW / Sentinel-1"}}, {"type": "Feature", "geometry": {"type": "Point", "coordinates": [-73.02999877929688, -41.6]}, "properties": {"matched": false, "detecciones": 1, "fecha": "2026-10-03", "fuente": "GFW / Sentinel-1"}}, {"type": "Feature", "geometry": {"type": "Point", "coordinates": [-72.93000030517578, -35.39]}, "properties": {"matched": false, "detecciones": 1, "fecha": "2026-10-02", "fuente": "GFW / Sentinel-1"}}, {"type": "Feature", "geometry": {"type": "Point", "coordinates": [-73.19000244140625, -41.84]}, "properties": {"matched": false, "detecciones": 1, "fecha": "2026-09-21", "fuente": "GFW / Sentinel-1"}}, {"type": "Feature", "geometry": {"type": "Point", "coordinates": [-73.30999755859375, -42.92]}, "properties": {"matched": false, "detecciones": 1, "fecha": "2026-09-27", "fuente": "GFW / Sentinel-1"}}, {"type": "Feature", "geometry": {"type": "Point", "coordinates": [-72.75, -41.63]}, "properties": {"matched": false, "detecciones": 1, "fecha": "2026-09-15", "fuente": "GFW / Sentinel-1"}}, {"type": "Feature", "geometry": {"type": "Point", "coordinates": [-73.5, -44.9]}, "properties": {"matched": false, "detecciones": 1, "fecha": "2026-09-12", "fuente": "GFW / Sentinel-1"}}, {"type": "Feature", "geometry": {"type": "Point", "coordinates": [-73.77999877929688, -50.6]}, "properties": {"matched": false, "detecciones": 1, "fecha": "2026-09-24", "fuente": "GFW / Sentinel-1"}}, {"type": "Feature", "geometry": {"type": "Point", "coordinates": [-71.66000366210938, -33.59]}, "properties": {"matched": false, "detecciones": 1, "fecha": "2026-10-04", "fuente": "GFW / Sentinel-1"}}, {"type": "Feature", "geometry": {"type": "Point", "coordinates": [-60.619998931884766, -39.22]}, "properties": {"matched": false, "detecciones": 1, "fecha": "2026-09-09", "fuente": "GFW / Sentinel-1"}}, {"type": "Feature", "geometry": {"type": "Point", "coordinates": [-71.75, -33.63]}, "properties": {"matched": false, "detecciones": 1, "fecha": "2026-10-02", "fuente": "GFW / Sentinel-1"}}, {"type": "Feature", "geometry": {"type": "Point", "coordinates": [-71.66999816894531, -33.6]}, "properties": {"matched": false, "detecciones": 1, "fecha": "2026-09-10", "fuente": "GFW / Sentinel-1"}}, {"type": "Feature", "geometry": {"type": "Point", "coordinates": [-73.0199966430664, -41.71]}, "properties": {"matched": false, "detecciones": 1, "fecha": "2026-09-09", "fuente": "GFW / Sentinel-1"}}, {"type": "Feature", "geometry": {"type": "Point", "coordinates": [-73.54000091552734, -46.21]}, "properties": {"matched": false, "detecciones": 1, "fecha": "2026-10-03", "fuente": "GFW / Sentinel-1"}}, {"type": "Feature", "geometry": {"type": "Point", "coordinates": [-73.52999877929688, -45.38]}, "properties": {"matched": false, "detecciones": 1, "fecha": "2026-09-12", "fuente": "GFW / Sentinel-1"}}, {"type": "Feature", "geometry": {"type": "Point", "coordinates": [-63.349998474121094, -41.18]}, "properties": {"matched": false, "detecciones": 1, "fecha": "2026-09-13", "fuente": "GFW / Sentinel-1"}}, {"type": "Feature", "geometry": {"type": "Point", "coordinates": [-73.72000122070312, -50.6]}, "properties": {"matched": false, "detecciones": 1, "fecha": "2026-09-22", "fuente": "GFW / Sentinel-1"}}, {"type": "Feature", "geometry": {"type": "Point", "coordinates": [-73.26000213623047, -42.37]}, "properties": {"matched": false, "detecciones": 1, "fecha": "2026-09-21", "fuente": "GFW / Sentinel-1"}}, {"type": "Feature", "geometry": {"type": "Point", "coordinates": [-72.29000091552734, -34.51]}, "properties": {"matched": false, "detecciones": 1, "fecha": "2026-09-27", "fuente": "GFW / Sentinel-1"}}, {"type": "Feature", "geometry": {"type": "Point", "coordinates": [-73.93000030517578, -36.19]}, "properties": {"matched": false, "detecciones": 1, "fecha": "2026-10-02", "fuente": "GFW / Sentinel-1"}}, {"type": "Feature", "geometry": {"type": "Point", "coordinates": [-72.33999633789062, -41.6]}, "properties": {"matched": false, "detecciones": 1, "fecha": "2026-10-03", "fuente": "GFW / Sentinel-1"}}, {"type": "Feature", "geometry": {"type": "Point", "coordinates": [-73.37999725341797, -42.65]}, "properties": {"matched": false, "detecciones": 1, "fecha": "2026-09-21", "fuente": "GFW / Sentinel-1"}}, {"type": "Feature", "geometry": {"type": "Point", "coordinates": [-73.61000061035156, -42.73]}, "properties": {"matched": false, "detecciones": 1, "fecha": "2026-10-03", "fuente": "GFW / Sentinel-1"}}, {"type": "Feature", "geometry": {"type": "Point", "coordinates": [-70.81999969482422, -53.07]}, "properties": {"matched": false, "detecciones": 2, "fecha": "2026-09-12", "fuente": "GFW / Sentinel-1"}}, {"type": "Feature", "geometry": {"type": "Point", "coordinates": [-73.7699966430664, -44.28]}, "properties": {"matched": false, "detecciones": 1, "fecha": "2026-09-09", "fuente": "GFW / Sentinel-1"}}, {"type": "Feature", "geometry": {"type": "Point", "coordinates": [-72.22000122070312, -33.93]}, "properties": {"matched": false, "detecciones": 1, "fecha": "2026-10-02", "fuente": "GFW / Sentinel-1"}}, {"type": "Feature", "geometry": {"type": "Point", "coordinates": [-63.790000915527344, -53.77]}, "properties": {"matched": false, "detecciones": 1, "fecha": "2026-09-20", "fuente": "GFW / Sentinel-1"}}, {"type": "Feature", "geometry": {"type": "Point", "coordinates": [-70.4800033569336, -53.33]}, "properties": {"matched": false, "detecciones": 1, "fecha": "2026-09-12", "fuente": "GFW / Sentinel-1"}}, {"type": "Feature", "geometry": {"type": "Point", "coordinates": [-73.44999694824219, -44.81]}, "properties": {"matched": false, "detecciones": 1, "fecha": "2026-09-09", "fuente": "GFW / Sentinel-1"}}, {"type": "Feature", "geometry": {"type": "Point", "coordinates": [-58.529998779296875, -38.64]}, "properties": {"matched": false, "detecciones": 1, "fecha": "2026-09-15", "fuente": "GFW / Sentinel-1"}}, {"type": "Feature", "geometry": {"type": "Point", "coordinates": [-72.87000274658203, -41.89]}, "properties": {"matched": false, "detecciones": 1, "fecha": "2026-09-21", "fuente": "GFW / Sentinel-1"}}, {"type": "Feature", "geometry": {"type": "Point", "coordinates": [-72.23999786376953, -54.19]}, "properties": {"matched": false, "detecciones": 1, "fecha": "2026-09-12", "fuente": "GFW / Sentinel-1"}}, {"type": "Feature", "geometry": {"type": "Point", "coordinates": [-72.83000183105469, -41.65]}, "properties": {"matched": false, "detecciones": 1, "fecha": "2026-09-09", "fuente": "GFW / Sentinel-1"}}, {"type": "Feature", "geometry": {"type": "Point", "coordinates": [-73.19000244140625, -41.84]}, "properties": {"matched": false, "detecciones": 1, "fecha": "2026-09-09", "fuente": "GFW / Sentinel-1"}}, {"type": "Feature", "geometry": {"type": "Point", "coordinates": [-73.58000183105469, -44.94]}, "properties": {"matched": false, "detecciones": 1, "fecha": "2026-09-27", "fuente": "GFW / Sentinel-1"}}, {"type": "Feature", "geometry": {"type": "Point", "coordinates": [-73.30999755859375, -43.04]}, "properties": {"matched": false, "detecciones": 1, "fecha": "2026-09-19", "fuente": "GFW / Sentinel-1"}}, {"type": "Feature", "geometry": {"type": "Point", "coordinates": [-73.5999984741211, -38.76]}, "properties": {"matched": false, "detecciones": 1, "fecha": "2026-09-26", "fuente": "GFW / Sentinel-1"}}, {"type": "Feature", "geometry": {"type": "Point", "coordinates": [-70.27999877929688, -55.58]}, "properties": {"matched": false, "detecciones": 1, "fecha": "2026-09-30", "fuente": "GFW / Sentinel-1"}}, {"type": "Feature", "geometry": {"type": "Point", "coordinates": [-70.9000015258789, -53.18]}, "properties": {"matched": false, "detecciones": 1, "fecha": "2026-09-12", "fuente": "GFW / Sentinel-1"}}, {"type": "Feature", "geometry": {"type": "Point", "coordinates": [-73.55000305175781, -39.88]}, "properties": {"matched": false, "detecciones": 1, "fecha": "2026-09-14", "fuente": "GFW / Sentinel-1"}}, {"type": "Feature", "geometry": {"type": "Point", "coordinates": [-72.93000030517578, -35]}, "properties": {"matched": false, "detecciones": 1, "fecha": "2026-10-02", "fuente": "GFW / Sentinel-1"}}, {"type": "Feature", "geometry": {"type": "Point", "coordinates": [-58.06999969482422, -38.67]}, "properties": {"matched": false, "detecciones": 1, "fecha": "2026-09-15", "fuente": "GFW / Sentinel-1"}}, {"type": "Feature", "geometry": {"type": "Point", "coordinates": [-73.4800033569336, -43.57]}, "properties": {"matched": false, "detecciones": 1, "fecha": "2026-09-15", "fuente": "GFW / Sentinel-1"}}, {"type": "Feature", "geometry": {"type": "Point", "coordinates": [-73.30000305175781, -42.2]}, "properties": {"matched": false, "detecciones": 1, "fecha": "2026-09-26", "fuente": "GFW / Sentinel-1"}}, {"type": "Feature", "geometry": {"type": "Point", "coordinates": [-73.69000244140625, -45.78]}, "properties": {"matched": false, "detecciones": 1, "fecha": "2026-09-21", "fuente": "GFW / Sentinel-1"}}, {"type": "Feature", "geometry": {"type": "Point", "coordinates": [-64.80999755859375, -41.27]}, "properties": {"matched": false, "detecciones": 1, "fecha": "2026-09-25", "fuente": "GFW / Sentinel-1"}}, {"type": "Feature", "geometry": {"type": "Point", "coordinates": [-67.06999969482422, -48.67]}, "properties": {"matched": false, "detecciones": 1, "fecha": "2026-09-13", "fuente": "GFW / Sentinel-1"}}, {"type": "Feature", "geometry": {"type": "Point", "coordinates": [-72.97000122070312, -41.81]}, "properties": {"matched": false, "detecciones": 1, "fecha": "2026-09-14", "fuente": "GFW / Sentinel-1"}}, {"type": "Feature", "geometry": {"type": "Point", "coordinates": [-73.56999969482422, -42.54]}, "properties": {"matched": false, "detecciones": 1, "fecha": "2026-09-19", "fuente": "GFW / Sentinel-1"}}, {"type": "Feature", "geometry": {"type": "Point", "coordinates": [-73.31999969482422, -42.08]}, "properties": {"matched": false, "detecciones": 1, "fecha": "2026-09-19", "fuente": "GFW / Sentinel-1"}}, {"type": "Feature", "geometry": {"type": "Point", "coordinates": [-73.30999755859375, -42.12]}, "properties": {"matched": false, "detecciones": 1, "fecha": "2026-09-14", "fuente": "GFW / Sentinel-1"}}, {"type": "Feature", "geometry": {"type": "Point", "coordinates": [-72.25, -52.66]}, "properties": {"matched": false, "detecciones": 1, "fecha": "2026-09-12", "fuente": "GFW / Sentinel-1"}}, {"type": "Feature", "geometry": {"type": "Point", "coordinates": [-70.87000274658203, -53.12]}, "properties": {"matched": false, "detecciones": 1, "fecha": "2026-10-06", "fuente": "GFW / Sentinel-1"}}, {"type": "Feature", "geometry": {"type": "Point", "coordinates": [-58.7400016784668, -39.59]}, "properties": {"matched": false, "detecciones": 1, "fecha": "2026-10-03", "fuente": "GFW / Sentinel-1"}}, {"type": "Feature", "geometry": {"type": "Point", "coordinates": [-71.93000030517578, -33.51]}, "properties": {"matched": false, "detecciones": 1, "fecha": "2026-09-10", "fuente": "GFW / Sentinel-1"}}, {"type": "Feature", "geometry": {"type": "Point", "coordinates": [-73.70999908447266, -50.61]}, "properties": {"matched": false, "detecciones": 1, "fecha": "2026-09-22", "fuente": "GFW / Sentinel-1"}}, {"type": "Feature", "geometry": {"type": "Point", "coordinates": [-66.1500015258789, -46.01]}, "properties": {"matched": false, "detecciones": 1, "fecha": "2026-09-13", "fuente": "GFW / Sentinel-1"}}, {"type": "Feature", "geometry": {"type": "Point", "coordinates": [-73.30999755859375, -42.07]}, "properties": {"matched": false, "detecciones": 1, "fecha": "2026-10-02", "fuente": "GFW / Sentinel-1"}}, {"type": "Feature", "geometry": {"type": "Point", "coordinates": [-73.05999755859375, -41.99]}, "properties": {"matched": false, "detecciones": 1, "fecha": "2026-09-20", "fuente": "GFW / Sentinel-1"}}, {"type": "Feature", "geometry": {"type": "Point", "coordinates": [-73.3499984741211, -42.02]}, "properties": {"matched": false, "detecciones": 1, "fecha": "2026-09-14", "fuente": "GFW / Sentinel-1"}}, {"type": "Feature", "geometry": {"type": "Point", "coordinates": [-73.33000183105469, -42.18]}, "properties": {"matched": false, "detecciones": 1, "fecha": "2026-09-14", "fuente": "GFW / Sentinel-1"}}, {"type": "Feature", "geometry": {"type": "Point", "coordinates": [-73.48999786376953, -36.97]}, "properties": {"matched": false, "detecciones": 1, "fecha": "2026-09-26", "fuente": "GFW / Sentinel-1"}}, {"type": "Feature", "geometry": {"type": "Point", "coordinates": [-73.13999938964844, -41.8]}, "properties": {"matched": false, "detecciones": 1, "fecha": "2026-09-15", "fuente": "GFW / Sentinel-1"}}, {"type": "Feature", "geometry": {"type": "Point", "coordinates": [-72.95999908447266, -41.54]}, "properties": {"matched": false, "detecciones": 1, "fecha": "2026-09-20", "fuente": "GFW / Sentinel-1"}}, {"type": "Feature", "geometry": {"type": "Point", "coordinates": [-73.66999816894531, -37.64]}, "properties": {"matched": false, "detecciones": 1, "fecha": "2026-10-02", "fuente": "GFW / Sentinel-1"}}, {"type": "Feature", "geometry": {"type": "Point", "coordinates": [-73.37000274658203, -38.93]}, "properties": {"matched": false, "detecciones": 1, "fecha": "2026-10-02", "fuente": "GFW / Sentinel-1"}}, {"type": "Feature", "geometry": {"type": "Point", "coordinates": [-73.12999725341797, -43.79]}, "properties": {"matched": false, "detecciones": 1, "fecha": "2026-09-15", "fuente": "GFW / Sentinel-1"}}, {"type": "Feature", "geometry": {"type": "Point", "coordinates": [-72.94999694824219, -51.97]}, "properties": {"matched": false, "detecciones": 1, "fecha": "2026-09-29", "fuente": "GFW / Sentinel-1"}}, {"type": "Feature", "geometry": {"type": "Point", "coordinates": [-70.62999725341797, -55.12]}, "properties": {"matched": false, "detecciones": 1, "fecha": "2026-09-12", "fuente": "GFW / Sentinel-1"}}, {"type": "Feature", "geometry": {"type": "Point", "coordinates": [-64.88999938964844, -40.85]}, "properties": {"matched": false, "detecciones": 1, "fecha": "2026-09-18", "fuente": "GFW / Sentinel-1"}}, {"type": "Feature", "geometry": {"type": "Point", "coordinates": [-72.69000244140625, -42.04]}, "properties": {"matched": false, "detecciones": 1, "fecha": "2026-10-02", "fuente": "GFW / Sentinel-1"}}, {"type": "Feature", "geometry": {"type": "Point", "coordinates": [-73.37999725341797, -42.7]}, "properties": {"matched": false, "detecciones": 1, "fecha": "2026-09-09", "fuente": "GFW / Sentinel-1"}}, {"type": "Feature", "geometry": {"type": "Point", "coordinates": [-73.18000030517578, -43.31]}, "properties": {"matched": false, "detecciones": 1, "fecha": "2026-09-15", "fuente": "GFW / Sentinel-1"}}, {"type": "Feature", "geometry": {"type": "Point", "coordinates": [-59.83000183105469, -39.73]}, "properties": {"matched": false, "detecciones": 1, "fecha": "2026-09-27", "fuente": "GFW / Sentinel-1"}}, {"type": "Feature", "geometry": {"type": "Point", "coordinates": [-73.08999633789062, -36.59]}, "properties": {"matched": false, "detecciones": 1, "fecha": "2026-10-02", "fuente": "GFW / Sentinel-1"}}, {"type": "Feature", "geometry": {"type": "Point", "coordinates": [-58.2599983215332, -39.22]}, "properties": {"matched": false, "detecciones": 1, "fecha": "2026-09-15", "fuente": "GFW / Sentinel-1"}}, {"type": "Feature", "geometry": {"type": "Point", "coordinates": [-73.41000366210938, -42.6]}, "properties": {"matched": false, "detecciones": 1, "fecha": "2026-09-09", "fuente": "GFW / Sentinel-1"}}, {"type": "Feature", "geometry": {"type": "Point", "coordinates": [-73.30999755859375, -42.93]}, "properties": {"matched": false, "detecciones": 1, "fecha": "2026-09-15", "fuente": "GFW / Sentinel-1"}}, {"type": "Feature", "geometry": {"type": "Point", "coordinates": [-66.7699966430664, -48.51]}, "properties": {"matched": false, "detecciones": 1, "fecha": "2026-09-13", "fuente": "GFW / Sentinel-1"}}, {"type": "Feature", "geometry": {"type": "Point", "coordinates": [-58.650001525878906, -38.66]}, "properties": {"matched": false, "detecciones": 1, "fecha": "2026-09-09", "fuente": "GFW / Sentinel-1"}}, {"type": "Feature", "geometry": {"type": "Point", "coordinates": [-72.73999786376953, -44.66]}, "properties": {"matched": false, "detecciones": 1, "fecha": "2026-09-21", "fuente": "GFW / Sentinel-1"}}, {"type": "Feature", "geometry": {"type": "Point", "coordinates": [-72.4800033569336, -34.3]}, "properties": {"matched": false, "detecciones": 1, "fecha": "2026-10-02", "fuente": "GFW / Sentinel-1"}}, {"type": "Feature", "geometry": {"type": "Point", "coordinates": [-73.94000244140625, -53.38]}, "properties": {"matched": false, "detecciones": 1, "fecha": "2026-09-29", "fuente": "GFW / Sentinel-1"}}, {"type": "Feature", "geometry": {"type": "Point", "coordinates": [-73.20999908447266, -41.88]}, "properties": {"matched": false, "detecciones": 1, "fecha": "2026-09-27", "fuente": "GFW / Sentinel-1"}}, {"type": "Feature", "geometry": {"type": "Point", "coordinates": [-73.87999725341797, -37.11]}, "properties": {"matched": false, "detecciones": 1, "fecha": "2026-09-26", "fuente": "GFW / Sentinel-1"}}, {"type": "Feature", "geometry": {"type": "Point", "coordinates": [-73.06999969482422, -41.87]}, "properties": {"matched": false, "detecciones": 1, "fecha": "2026-09-09", "fuente": "GFW / Sentinel-1"}}, {"type": "Feature", "geometry": {"type": "Point", "coordinates": [-72.05000305175781, -33.19]}, "properties": {"matched": false, "detecciones": 1, "fecha": "2026-09-16", "fuente": "GFW / Sentinel-1"}}, {"type": "Feature", "geometry": {"type": "Point", "coordinates": [-73.30000305175781, -43.8]}, "properties": {"matched": false, "detecciones": 1, "fecha": "2026-09-27", "fuente": "GFW / Sentinel-1"}}, {"type": "Feature", "geometry": {"type": "Point", "coordinates": [-73.87999725341797, -44.04]}, "properties": {"matched": false, "detecciones": 1, "fecha": "2026-09-12", "fuente": "GFW / Sentinel-1"}}, {"type": "Feature", "geometry": {"type": "Point", "coordinates": [-73.51000213623047, -42.71]}, "properties": {"matched": false, "detecciones": 1, "fecha": "2026-09-09", "fuente": "GFW / Sentinel-1"}}, {"type": "Feature", "geometry": {"type": "Point", "coordinates": [-73.31999969482422, -37.03]}, "properties": {"matched": false, "detecciones": 1, "fecha": "2026-09-26", "fuente": "GFW / Sentinel-1"}}, {"type": "Feature", "geometry": {"type": "Point", "coordinates": [-73.61000061035156, -43.14]}, "properties": {"matched": false, "detecciones": 1, "fecha": "2026-10-03", "fuente": "GFW / Sentinel-1"}}, {"type": "Feature", "geometry": {"type": "Point", "coordinates": [-72.5199966430664, -41.72]}, "properties": {"matched": false, "detecciones": 1, "fecha": "2026-09-09", "fuente": "GFW / Sentinel-1"}}, {"type": "Feature", "geometry": {"type": "Point", "coordinates": [-73.68000030517578, -45.11]}, "properties": {"matched": false, "detecciones": 1, "fecha": "2026-09-24", "fuente": "GFW / Sentinel-1"}}, {"type": "Feature", "geometry": {"type": "Point", "coordinates": [-73.18000030517578, -41.83]}, "properties": {"matched": false, "detecciones": 1, "fecha": "2026-09-09", "fuente": "GFW / Sentinel-1"}}, {"type": "Feature", "geometry": {"type": "Point", "coordinates": [-73.56999969482422, -43.56]}, "properties": {"matched": false, "detecciones": 1, "fecha": "2026-09-15", "fuente": "GFW / Sentinel-1"}}, {"type": "Feature", "geometry": {"type": "Point", "coordinates": [-73.72000122070312, -37.07]}, "properties": {"matched": false, "detecciones": 1, "fecha": "2026-10-02", "fuente": "GFW / Sentinel-1"}}, {"type": "Feature", "geometry": {"type": "Point", "coordinates": [-73.41000366210938, -39.88]}, "properties": {"matched": false, "detecciones": 1, "fecha": "2026-09-26", "fuente": "GFW / Sentinel-1"}}, {"type": "Feature", "geometry": {"type": "Point", "coordinates": [-73.97000122070312, -39.11]}, "properties": {"matched": false, "detecciones": 1, "fecha": "2026-09-20", "fuente": "GFW / Sentinel-1"}}, {"type": "Feature", "geometry": {"type": "Point", "coordinates": [-71.93000030517578, -33.67]}, "properties": {"matched": false, "detecciones": 1, "fecha": "2026-09-10", "fuente": "GFW / Sentinel-1"}}, {"type": "Feature", "geometry": {"type": "Point", "coordinates": [-73.58000183105469, -42.75]}, "properties": {"matched": false, "detecciones": 1, "fecha": "2026-09-15", "fuente": "GFW / Sentinel-1"}}, {"type": "Feature", "geometry": {"type": "Point", "coordinates": [-73.91999816894531, -38.56]}, "properties": {"matched": false, "detecciones": 1, "fecha": "2026-09-26", "fuente": "GFW / Sentinel-1"}}, {"type": "Feature", "geometry": {"type": "Point", "coordinates": [-71.02999877929688, -53.9]}, "properties": {"matched": false, "detecciones": 1, "fecha": "2026-10-06", "fuente": "GFW / Sentinel-1"}}, {"type": "Feature", "geometry": {"type": "Point", "coordinates": [-61.650001525878906, -39.38]}, "properties": {"matched": false, "detecciones": 1, "fecha": "2026-09-20", "fuente": "GFW / Sentinel-1"}}, {"type": "Feature", "geometry": {"type": "Point", "coordinates": [-73.05999755859375, -42.14]}, "properties": {"matched": false, "detecciones": 1, "fecha": "2026-09-27", "fuente": "GFW / Sentinel-1"}}, {"type": "Feature", "geometry": {"type": "Point", "coordinates": [-73.33000183105469, -41.84]}, "properties": {"matched": false, "detecciones": 1, "fecha": "2026-10-02", "fuente": "GFW / Sentinel-1"}}, {"type": "Feature", "geometry": {"type": "Point", "coordinates": [-73.56999969482422, -45]}, "properties": {"matched": false, "detecciones": 1, "fecha": "2026-09-12", "fuente": "GFW / Sentinel-1"}}, {"type": "Feature", "geometry": {"type": "Point", "coordinates": [-73.47000122070312, -43.1]}, "properties": {"matched": false, "detecciones": 1, "fecha": "2026-09-27", "fuente": "GFW / Sentinel-1"}}, {"type": "Feature", "geometry": {"type": "Point", "coordinates": [-73.01000213623047, -41.68]}, "properties": {"matched": false, "detecciones": 1, "fecha": "2026-09-14", "fuente": "GFW / Sentinel-1"}}, {"type": "Feature", "geometry": {"type": "Point", "coordinates": [-73.73999786376953, -43.59]}, "properties": {"matched": false, "detecciones": 1, "fecha": "2026-09-15", "fuente": "GFW / Sentinel-1"}}, {"type": "Feature", "geometry": {"type": "Point", "coordinates": [-73.7699966430664, -50.59]}, "properties": {"matched": false, "detecciones": 1, "fecha": "2026-09-22", "fuente": "GFW / Sentinel-1"}}, {"type": "Feature", "geometry": {"type": "Point", "coordinates": [-72.8499984741211, -41.98]}, "properties": {"matched": false, "detecciones": 1, "fecha": "2026-10-02", "fuente": "GFW / Sentinel-1"}}, {"type": "Feature", "geometry": {"type": "Point", "coordinates": [-73.31999969482422, -42.26]}, "properties": {"matched": false, "detecciones": 1, "fecha": "2026-09-19", "fuente": "GFW / Sentinel-1"}}, {"type": "Feature", "geometry": {"type": "Point", "coordinates": [-73.02999877929688, -41.63]}, "properties": {"matched": false, "detecciones": 1, "fecha": "2026-09-26", "fuente": "GFW / Sentinel-1"}}, {"type": "Feature", "geometry": {"type": "Point", "coordinates": [-62.27000045776367, -40.35]}, "properties": {"matched": false, "detecciones": 1, "fecha": "2026-09-14", "fuente": "GFW / Sentinel-1"}}, {"type": "Feature", "geometry": {"type": "Point", "coordinates": [-73.61000061035156, -43.35]}, "properties": {"matched": false, "detecciones": 1, "fecha": "2026-09-21", "fuente": "GFW / Sentinel-1"}}, {"type": "Feature", "geometry": {"type": "Point", "coordinates": [-73.16999816894531, -36.63]}, "properties": {"matched": false, "detecciones": 1, "fecha": "2026-10-02", "fuente": "GFW / Sentinel-1"}}, {"type": "Feature", "geometry": {"type": "Point", "coordinates": [-73.69000244140625, -43.79]}, "properties": {"matched": false, "detecciones": 1, "fecha": "2026-09-27", "fuente": "GFW / Sentinel-1"}}, {"type": "Feature", "geometry": {"type": "Point", "coordinates": [-73.27999877929688, -41.96]}, "properties": {"matched": false, "detecciones": 1, "fecha": "2026-09-15", "fuente": "GFW / Sentinel-1"}}, {"type": "Feature", "geometry": {"type": "Point", "coordinates": [-73.51000213623047, -45.78]}, "properties": {"matched": false, "detecciones": 1, "fecha": "2026-10-03", "fuente": "GFW / Sentinel-1"}}, {"type": "Feature", "geometry": {"type": "Point", "coordinates": [-73.02999877929688, -41.62]}, "properties": {"matched": false, "detecciones": 1, "fecha": "2026-09-26", "fuente": "GFW / Sentinel-1"}}, {"type": "Feature", "geometry": {"type": "Point", "coordinates": [-72.77999877929688, -41.65]}, "properties": {"matched": false, "detecciones": 1, "fecha": "2026-09-27", "fuente": "GFW / Sentinel-1"}}, {"type": "Feature", "geometry": {"type": "Point", "coordinates": [-65.11000061035156, -41.15]}, "properties": {"matched": false, "detecciones": 1, "fecha": "2026-09-13", "fuente": "GFW / Sentinel-1"}}, {"type": "Feature", "geometry": {"type": "Point", "coordinates": [-70.5999984741211, -54]}, "properties": {"matched": false, "detecciones": 1, "fecha": "2026-09-30", "fuente": "GFW / Sentinel-1"}}, {"type": "Feature", "geometry": {"type": "Point", "coordinates": [-73.58000183105469, -35.86]}, "properties": {"matched": false, "detecciones": 1, "fecha": "2026-09-27", "fuente": "GFW / Sentinel-1"}}, {"type": "Feature", "geometry": {"type": "Point", "coordinates": [-73.36000061035156, -43.82]}, "properties": {"matched": false, "detecciones": 1, "fecha": "2026-09-09", "fuente": "GFW / Sentinel-1"}}, {"type": "Feature", "geometry": {"type": "Point", "coordinates": [-73.48999786376953, -39.84]}, "properties": {"matched": false, "detecciones": 1, "fecha": "2026-09-26", "fuente": "GFW / Sentinel-1"}}, {"type": "Feature", "geometry": {"type": "Point", "coordinates": [-73.06999969482422, -42.44]}, "properties": {"matched": false, "detecciones": 1, "fecha": "2026-10-02", "fuente": "GFW / Sentinel-1"}}, {"type": "Feature", "geometry": {"type": "Point", "coordinates": [-73.02999877929688, -41.62]}, "properties": {"matched": false, "detecciones": 1, "fecha": "2026-09-27", "fuente": "GFW / Sentinel-1"}}, {"type": "Feature", "geometry": {"type": "Point", "coordinates": [-73.33000183105469, -42.29]}, "properties": {"matched": false, "detecciones": 1, "fecha": "2026-09-09", "fuente": "GFW / Sentinel-1"}}, {"type": "Feature", "geometry": {"type": "Point", "coordinates": [-73.27999877929688, -44.27]}, "properties": {"matched": false, "detecciones": 1, "fecha": "2026-09-09", "fuente": "GFW / Sentinel-1"}}, {"type": "Feature", "geometry": {"type": "Point", "coordinates": [-73.30999755859375, -41.86]}, "properties": {"matched": false, "detecciones": 1, "fecha": "2026-09-14", "fuente": "GFW / Sentinel-1"}}, {"type": "Feature", "geometry": {"type": "Point", "coordinates": [-73.47000122070312, -41.86]}, "properties": {"matched": false, "detecciones": 1, "fecha": "2026-09-20", "fuente": "GFW / Sentinel-1"}}, {"type": "Feature", "geometry": {"type": "Point", "coordinates": [-73.06999969482422, -36.71]}, "properties": {"matched": false, "detecciones": 1, "fecha": "2026-09-20", "fuente": "GFW / Sentinel-1"}}, {"type": "Feature", "geometry": {"type": "Point", "coordinates": [-73.79000091552734, -52.01]}, "properties": {"matched": false, "detecciones": 1, "fecha": "2026-10-06", "fuente": "GFW / Sentinel-1"}}, {"type": "Feature", "geometry": {"type": "Point", "coordinates": [-73.6500015258789, -42.69]}, "properties": {"matched": false, "detecciones": 1, "fecha": "2026-10-03", "fuente": "GFW / Sentinel-1"}}, {"type": "Feature", "geometry": {"type": "Point", "coordinates": [-71.83000183105469, -33.76]}, "properties": {"matched": false, "detecciones": 1, "fecha": "2026-09-15", "fuente": "GFW / Sentinel-1"}}, {"type": "Feature", "geometry": {"type": "Point", "coordinates": [-69.98999786376953, -55.4]}, "properties": {"matched": false, "detecciones": 1, "fecha": "2026-09-18", "fuente": "GFW / Sentinel-1"}}, {"type": "Feature", "geometry": {"type": "Point", "coordinates": [-65.12000274658203, -41.12]}, "properties": {"matched": false, "detecciones": 1, "fecha": "2026-09-25", "fuente": "GFW / Sentinel-1"}}, {"type": "Feature", "geometry": {"type": "Point", "coordinates": [-73.55999755859375, -45.65]}, "properties": {"matched": false, "detecciones": 1, "fecha": "2026-09-24", "fuente": "GFW / Sentinel-1"}}, {"type": "Feature", "geometry": {"type": "Point", "coordinates": [-73.1500015258789, -41.81]}, "properties": {"matched": false, "detecciones": 1, "fecha": "2026-10-02", "fuente": "GFW / Sentinel-1"}}, {"type": "Feature", "geometry": {"type": "Point", "coordinates": [-72.1500015258789, -34.3]}, "properties": {"matched": false, "detecciones": 1, "fecha": "2026-10-02", "fuente": "GFW / Sentinel-1"}}, {"type": "Feature", "geometry": {"type": "Point", "coordinates": [-73.08999633789062, -45.34]}, "properties": {"matched": false, "detecciones": 1, "fecha": "2026-09-09", "fuente": "GFW / Sentinel-1"}}, {"type": "Feature", "geometry": {"type": "Point", "coordinates": [-70.52999877929688, -55.23]}, "properties": {"matched": false, "detecciones": 1, "fecha": "2026-10-06", "fuente": "GFW / Sentinel-1"}}, {"type": "Feature", "geometry": {"type": "Point", "coordinates": [-73.47000122070312, -44.79]}, "properties": {"matched": false, "detecciones": 1, "fecha": "2026-09-12", "fuente": "GFW / Sentinel-1"}}, {"type": "Feature", "geometry": {"type": "Point", "coordinates": [-72.9800033569336, -41.74]}, "properties": {"matched": false, "detecciones": 1, "fecha": "2026-09-27", "fuente": "GFW / Sentinel-1"}}, {"type": "Feature", "geometry": {"type": "Point", "coordinates": [-73.58000183105469, -42.75]}, "properties": {"matched": false, "detecciones": 1, "fecha": "2026-09-27", "fuente": "GFW / Sentinel-1"}}, {"type": "Feature", "geometry": {"type": "Point", "coordinates": [-73.69000244140625, -52.81]}, "properties": {"matched": false, "detecciones": 1, "fecha": "2026-09-12", "fuente": "GFW / Sentinel-1"}}, {"type": "Feature", "geometry": {"type": "Point", "coordinates": [-73.68000030517578, -53.46]}, "properties": {"matched": false, "detecciones": 1, "fecha": "2026-09-12", "fuente": "GFW / Sentinel-1"}}, {"type": "Feature", "geometry": {"type": "Point", "coordinates": [-73.25, -41.99]}, "properties": {"matched": false, "detecciones": 1, "fecha": "2026-09-26", "fuente": "GFW / Sentinel-1"}}, {"type": "Feature", "geometry": {"type": "Point", "coordinates": [-59.77000045776367, -39.02]}, "properties": {"matched": false, "detecciones": 1, "fecha": "2026-09-15", "fuente": "GFW / Sentinel-1"}}, {"type": "Feature", "geometry": {"type": "Point", "coordinates": [-71.66000366210938, -33.61]}, "properties": {"matched": false, "detecciones": 1, "fecha": "2026-10-04", "fuente": "GFW / Sentinel-1"}}, {"type": "Feature", "geometry": {"type": "Point", "coordinates": [-73, -41.91]}, "properties": {"matched": false, "detecciones": 1, "fecha": "2026-09-09", "fuente": "GFW / Sentinel-1"}}, {"type": "Feature", "geometry": {"type": "Point", "coordinates": [-71.94999694824219, -33.47]}, "properties": {"matched": false, "detecciones": 1, "fecha": "2026-09-10", "fuente": "GFW / Sentinel-1"}}, {"type": "Feature", "geometry": {"type": "Point", "coordinates": [-73.16999816894531, -44.29]}, "properties": {"matched": false, "detecciones": 1, "fecha": "2026-09-15", "fuente": "GFW / Sentinel-1"}}, {"type": "Feature", "geometry": {"type": "Point", "coordinates": [-72.86000061035156, -42.82]}, "properties": {"matched": false, "detecciones": 1, "fecha": "2026-09-14", "fuente": "GFW / Sentinel-1"}}, {"type": "Feature", "geometry": {"type": "Point", "coordinates": [-73.25, -42.26]}, "properties": {"matched": false, "detecciones": 1, "fecha": "2026-09-21", "fuente": "GFW / Sentinel-1"}}, {"type": "Feature", "geometry": {"type": "Point", "coordinates": [-66.5199966430664, -45.31]}, "properties": {"matched": false, "detecciones": 1, "fecha": "2026-09-13", "fuente": "GFW / Sentinel-1"}}, {"type": "Feature", "geometry": {"type": "Point", "coordinates": [-73.48999786376953, -45.14]}, "properties": {"matched": false, "detecciones": 1, "fecha": "2026-09-27", "fuente": "GFW / Sentinel-1"}}, {"type": "Feature", "geometry": {"type": "Point", "coordinates": [-72.5, -35.29]}, "properties": {"matched": false, "detecciones": 1, "fecha": "2026-09-15", "fuente": "GFW / Sentinel-1"}}, {"type": "Feature", "geometry": {"type": "Point", "coordinates": [-72.33000183105469, -52.73]}, "properties": {"matched": false, "detecciones": 1, "fecha": "2026-09-12", "fuente": "GFW / Sentinel-1"}}, {"type": "Feature", "geometry": {"type": "Point", "coordinates": [-73.41999816894531, -44.9]}, "properties": {"matched": false, "detecciones": 1, "fecha": "2026-09-21", "fuente": "GFW / Sentinel-1"}}, {"type": "Feature", "geometry": {"type": "Point", "coordinates": [-60.380001068115234, -51.33]}, "properties": {"matched": false, "detecciones": 1, "fecha": "2026-09-30", "fuente": "GFW / Sentinel-1"}}, {"type": "Feature", "geometry": {"type": "Point", "coordinates": [-73.12000274658203, -41.79]}, "properties": {"matched": false, "detecciones": 1, "fecha": "2026-09-20", "fuente": "GFW / Sentinel-1"}}, {"type": "Feature", "geometry": {"type": "Point", "coordinates": [-72.9800033569336, -54.13]}, "properties": {"matched": false, "detecciones": 1, "fecha": "2026-10-06", "fuente": "GFW / Sentinel-1"}}, {"type": "Feature", "geometry": {"type": "Point", "coordinates": [-72.87000274658203, -41.76]}, "properties": {"matched": false, "detecciones": 1, "fecha": "2026-09-26", "fuente": "GFW / Sentinel-1"}}, {"type": "Feature", "geometry": {"type": "Point", "coordinates": [-65.12000274658203, -41.11]}, "properties": {"matched": false, "detecciones": 1, "fecha": "2026-09-25", "fuente": "GFW / Sentinel-1"}}, {"type": "Feature", "geometry": {"type": "Point", "coordinates": [-73.08999633789062, -36.71]}, "properties": {"matched": false, "detecciones": 1, "fecha": "2026-09-15", "fuente": "GFW / Sentinel-1"}}, {"type": "Feature", "geometry": {"type": "Point", "coordinates": [-70.86000061035156, -53.22]}, "properties": {"matched": false, "detecciones": 1, "fecha": "2026-09-24", "fuente": "GFW / Sentinel-1"}}, {"type": "Feature", "geometry": {"type": "Point", "coordinates": [-71.56999969482422, -33]}, "properties": {"matched": false, "detecciones": 1, "fecha": "2026-09-20", "fuente": "GFW / Sentinel-1"}}, {"type": "Feature", "geometry": {"type": "Point", "coordinates": [-67.0199966430664, -55.16]}, "properties": {"matched": false, "detecciones": 1, "fecha": "2026-09-19", "fuente": "GFW / Sentinel-1"}}, {"type": "Feature", "geometry": {"type": "Point", "coordinates": [-71.4000015258789, -53.97]}, "properties": {"matched": false, "detecciones": 1, "fecha": "2026-09-18", "fuente": "GFW / Sentinel-1"}}, {"type": "Feature", "geometry": {"type": "Point", "coordinates": [-73.5, -52.08]}, "properties": {"matched": false, "detecciones": 1, "fecha": "2026-10-06", "fuente": "GFW / Sentinel-1"}}, {"type": "Feature", "geometry": {"type": "Point", "coordinates": [-57.5099983215332, -38.02]}, "properties": {"matched": false, "detecciones": 1, "fecha": "2026-09-09", "fuente": "GFW / Sentinel-1"}}, {"type": "Feature", "geometry": {"type": "Point", "coordinates": [-73.12999725341797, -41.79]}, "properties": {"matched": false, "detecciones": 1, "fecha": "2026-09-26", "fuente": "GFW / Sentinel-1"}}, {"type": "Feature", "geometry": {"type": "Point", "coordinates": [-71.51000213623047, -52.94]}, "properties": {"matched": false, "detecciones": 1, "fecha": "2026-09-24", "fuente": "GFW / Sentinel-1"}}, {"type": "Feature", "geometry": {"type": "Point", "coordinates": [-68.16000366210938, -54.87]}, "properties": {"matched": false, "detecciones": 1, "fecha": "2026-09-25", "fuente": "GFW / Sentinel-1"}}, {"type": "Feature", "geometry": {"type": "Point", "coordinates": [-73.58999633789062, -44.87]}, "properties": {"matched": false, "detecciones": 1, "fecha": "2026-09-12", "fuente": "GFW / Sentinel-1"}}, {"type": "Feature", "geometry": {"type": "Point", "coordinates": [-73.02999877929688, -41.66]}, "properties": {"matched": false, "detecciones": 1, "fecha": "2026-10-02", "fuente": "GFW / Sentinel-1"}}, {"type": "Feature", "geometry": {"type": "Point", "coordinates": [-60.34000015258789, -51.38]}, "properties": {"matched": false, "detecciones": 1, "fecha": "2026-09-30", "fuente": "GFW / Sentinel-1"}}, {"type": "Feature", "geometry": {"type": "Point", "coordinates": [-72.86000061035156, -41.73]}, "properties": {"matched": false, "detecciones": 1, "fecha": "2026-09-15", "fuente": "GFW / Sentinel-1"}}, {"type": "Feature", "geometry": {"type": "Point", "coordinates": [-58.22999954223633, -39.48]}, "properties": {"matched": false, "detecciones": 1, "fecha": "2026-09-09", "fuente": "GFW / Sentinel-1"}}, {"type": "Feature", "geometry": {"type": "Point", "coordinates": [-73.13999938964844, -41.85]}, "properties": {"matched": false, "detecciones": 1, "fecha": "2026-09-21", "fuente": "GFW / Sentinel-1"}}, {"type": "Feature", "geometry": {"type": "Point", "coordinates": [-73.48999786376953, -37.99]}, "properties": {"matched": false, "detecciones": 1, "fecha": "2026-09-20", "fuente": "GFW / Sentinel-1"}}, {"type": "Feature", "geometry": {"type": "Point", "coordinates": [-70.83999633789062, -53.14]}, "properties": {"matched": false, "detecciones": 1, "fecha": "2026-09-12", "fuente": "GFW / Sentinel-1"}}, {"type": "Feature", "geometry": {"type": "Point", "coordinates": [-71.66000366210938, -33.62]}, "properties": {"matched": false, "detecciones": 1, "fecha": "2026-09-10", "fuente": "GFW / Sentinel-1"}}, {"type": "Feature", "geometry": {"type": "Point", "coordinates": [-70.81999969482422, -53.07]}, "properties": {"matched": false, "detecciones": 2, "fecha": "2026-09-24", "fuente": "GFW / Sentinel-1"}}, {"type": "Feature", "geometry": {"type": "Point", "coordinates": [-71.70999908447266, -33.09]}, "properties": {"matched": false, "detecciones": 1, "fecha": "2026-10-04", "fuente": "GFW / Sentinel-1"}}, {"type": "Feature", "geometry": {"type": "Point", "coordinates": [-72.12999725341797, -52.61]}, "properties": {"matched": false, "detecciones": 1, "fecha": "2026-09-12", "fuente": "GFW / Sentinel-1"}}, {"type": "Feature", "geometry": {"type": "Point", "coordinates": [-73.02999877929688, -41.75]}, "properties": {"matched": false, "detecciones": 1, "fecha": "2026-09-26", "fuente": "GFW / Sentinel-1"}}, {"type": "Feature", "geometry": {"type": "Point", "coordinates": [-72.62000274658203, -34.44]}, "properties": {"matched": false, "detecciones": 1, "fecha": "2026-10-02", "fuente": "GFW / Sentinel-1"}}, {"type": "Feature", "geometry": {"type": "Point", "coordinates": [-73.02999877929688, -41.65]}, "properties": {"matched": false, "detecciones": 1, "fecha": "2026-09-14", "fuente": "GFW / Sentinel-1"}}, {"type": "Feature", "geometry": {"type": "Point", "coordinates": [-73.51000213623047, -45.78]}, "properties": {"matched": false, "detecciones": 1, "fecha": "2026-09-12", "fuente": "GFW / Sentinel-1"}}, {"type": "Feature", "geometry": {"type": "Point", "coordinates": [-73.88999938964844, -38.79]}, "properties": {"matched": false, "detecciones": 1, "fecha": "2026-10-02", "fuente": "GFW / Sentinel-1"}}, {"type": "Feature", "geometry": {"type": "Point", "coordinates": [-64.54000091552734, -41.15]}, "properties": {"matched": false, "detecciones": 1, "fecha": "2026-09-25", "fuente": "GFW / Sentinel-1"}}, {"type": "Feature", "geometry": {"type": "Point", "coordinates": [-73.7699966430664, -44.46]}, "properties": {"matched": false, "detecciones": 1, "fecha": "2026-09-12", "fuente": "GFW / Sentinel-1"}}, {"type": "Feature", "geometry": {"type": "Point", "coordinates": [-72.88999938964844, -41.53]}, "properties": {"matched": false, "detecciones": 1, "fecha": "2026-09-09", "fuente": "GFW / Sentinel-1"}}, {"type": "Feature", "geometry": {"type": "Point", "coordinates": [-70.86000061035156, -53.21]}, "properties": {"matched": false, "detecciones": 1, "fecha": "2026-09-24", "fuente": "GFW / Sentinel-1"}}, {"type": "Feature", "geometry": {"type": "Point", "coordinates": [-73.33000183105469, -42.13]}, "properties": {"matched": false, "detecciones": 1, "fecha": "2026-09-14", "fuente": "GFW / Sentinel-1"}}, {"type": "Feature", "geometry": {"type": "Point", "coordinates": [-73.02999877929688, -42.32]}, "properties": {"matched": false, "detecciones": 1, "fecha": "2026-09-20", "fuente": "GFW / Sentinel-1"}}, {"type": "Feature", "geometry": {"type": "Point", "coordinates": [-73.3499984741211, -43.07]}, "properties": {"matched": false, "detecciones": 1, "fecha": "2026-09-27", "fuente": "GFW / Sentinel-1"}}, {"type": "Feature", "geometry": {"type": "Point", "coordinates": [-73.02999877929688, -41.67]}, "properties": {"matched": false, "detecciones": 1, "fecha": "2026-09-20", "fuente": "GFW / Sentinel-1"}}, {"type": "Feature", "geometry": {"type": "Point", "coordinates": [-73.20999908447266, -41.99]}, "properties": {"matched": false, "detecciones": 1, "fecha": "2026-09-15", "fuente": "GFW / Sentinel-1"}}, {"type": "Feature", "geometry": {"type": "Point", "coordinates": [-73.43000030517578, -41.83]}, "properties": {"matched": false, "detecciones": 1, "fecha": "2026-10-02", "fuente": "GFW / Sentinel-1"}}, {"type": "Feature", "geometry": {"type": "Point", "coordinates": [-71.72000122070312, -33.59]}, "properties": {"matched": false, "detecciones": 1, "fecha": "2026-09-16", "fuente": "GFW / Sentinel-1"}}, {"type": "Feature", "geometry": {"type": "Point", "coordinates": [-73.22000122070312, -41.88]}, "properties": {"matched": false, "detecciones": 1, "fecha": "2026-10-02", "fuente": "GFW / Sentinel-1"}}, {"type": "Feature", "geometry": {"type": "Point", "coordinates": [-64.94000244140625, -40.88]}, "properties": {"matched": false, "detecciones": 1, "fecha": "2026-09-25", "fuente": "GFW / Sentinel-1"}}, {"type": "Feature", "geometry": {"type": "Point", "coordinates": [-73.58000183105469, -51.8]}, "properties": {"matched": false, "detecciones": 1, "fecha": "2026-09-12", "fuente": "GFW / Sentinel-1"}}, {"type": "Feature", "geometry": {"type": "Point", "coordinates": [-73.44000244140625, -43.97]}, "properties": {"matched": false, "detecciones": 1, "fecha": "2026-09-09", "fuente": "GFW / Sentinel-1"}}, {"type": "Feature", "geometry": {"type": "Point", "coordinates": [-73.72000122070312, -43.72]}, "properties": {"matched": false, "detecciones": 1, "fecha": "2026-09-12", "fuente": "GFW / Sentinel-1"}}, {"type": "Feature", "geometry": {"type": "Point", "coordinates": [-73.76000213623047, -50.63]}, "properties": {"matched": false, "detecciones": 1, "fecha": "2026-09-22", "fuente": "GFW / Sentinel-1"}}, {"type": "Feature", "geometry": {"type": "Point", "coordinates": [-73.45999908447266, -44.59]}, "properties": {"matched": false, "detecciones": 1, "fecha": "2026-09-12", "fuente": "GFW / Sentinel-1"}}, {"type": "Feature", "geometry": {"type": "Point", "coordinates": [-72.62000274658203, -41.72]}, "properties": {"matched": false, "detecciones": 1, "fecha": "2026-09-15", "fuente": "GFW / Sentinel-1"}}, {"type": "Feature", "geometry": {"type": "Point", "coordinates": [-73.91000366210938, -41.73]}, "properties": {"matched": false, "detecciones": 1, "fecha": "2026-09-19", "fuente": "GFW / Sentinel-1"}}, {"type": "Feature", "geometry": {"type": "Point", "coordinates": [-61.16999816894531, -39.17]}, "properties": {"matched": false, "detecciones": 1, "fecha": "2026-09-26", "fuente": "GFW / Sentinel-1"}}, {"type": "Feature", "geometry": {"type": "Point", "coordinates": [-73.37000274658203, -42.59]}, "properties": {"matched": false, "detecciones": 1, "fecha": "2026-09-21", "fuente": "GFW / Sentinel-1"}}, {"type": "Feature", "geometry": {"type": "Point", "coordinates": [-73.94000244140625, -53.38]}, "properties": {"matched": false, "detecciones": 1, "fecha": "2026-09-17", "fuente": "GFW / Sentinel-1"}}, {"type": "Feature", "geometry": {"type": "Point", "coordinates": [-65.11000061035156, -40.85]}, "properties": {"matched": false, "detecciones": 1, "fecha": "2026-09-25", "fuente": "GFW / Sentinel-1"}}, {"type": "Feature", "geometry": {"type": "Point", "coordinates": [-72.88999938964844, -42.66]}, "properties": {"matched": false, "detecciones": 1, "fecha": "2026-09-14", "fuente": "GFW / Sentinel-1"}}, {"type": "Feature", "geometry": {"type": "Point", "coordinates": [-71.61000061035156, -33.02]}, "properties": {"matched": false, "detecciones": 1, "fecha": "2026-09-20", "fuente": "GFW / Sentinel-1"}}, {"type": "Feature", "geometry": {"type": "Point", "coordinates": [-71.2300033569336, -54]}, "properties": {"matched": false, "detecciones": 1, "fecha": "2026-09-24", "fuente": "GFW / Sentinel-1"}}, {"type": "Feature", "geometry": {"type": "Point", "coordinates": [-73.05000305175781, -45.38]}, "properties": {"matched": false, "detecciones": 1, "fecha": "2026-09-12", "fuente": "GFW / Sentinel-1"}}, {"type": "Feature", "geometry": {"type": "Point", "coordinates": [-73.38999938964844, -42.04]}, "properties": {"matched": false, "detecciones": 1, "fecha": "2026-09-20", "fuente": "GFW / Sentinel-1"}}, {"type": "Feature", "geometry": {"type": "Point", "coordinates": [-73.75, -36.29]}, "properties": {"matched": false, "detecciones": 1, "fecha": "2026-10-02", "fuente": "GFW / Sentinel-1"}}, {"type": "Feature", "geometry": {"type": "Point", "coordinates": [-73.02999877929688, -41.7]}, "properties": {"matched": false, "detecciones": 1, "fecha": "2026-09-15", "fuente": "GFW / Sentinel-1"}}, {"type": "Feature", "geometry": {"type": "Point", "coordinates": [-73.04000091552734, -36.15]}, "properties": {"matched": false, "detecciones": 1, "fecha": "2026-09-27", "fuente": "GFW / Sentinel-1"}}, {"type": "Feature", "geometry": {"type": "Point", "coordinates": [-71.79000091552734, -33.51]}, "properties": {"matched": false, "detecciones": 1, "fecha": "2026-10-02", "fuente": "GFW / Sentinel-1"}}, {"type": "Feature", "geometry": {"type": "Point", "coordinates": [-73.30000305175781, -35.73]}, "properties": {"matched": false, "detecciones": 1, "fecha": "2026-10-02", "fuente": "GFW / Sentinel-1"}}, {"type": "Feature", "geometry": {"type": "Point", "coordinates": [-69.47000122070312, -52.36]}, "properties": {"matched": false, "detecciones": 1, "fecha": "2026-09-19", "fuente": "GFW / Sentinel-1"}}, {"type": "Feature", "geometry": {"type": "Point", "coordinates": [-72.93000030517578, -41.55]}, "properties": {"matched": false, "detecciones": 1, "fecha": "2026-10-02", "fuente": "GFW / Sentinel-1"}}, {"type": "Feature", "geometry": {"type": "Point", "coordinates": [-72.83999633789062, -34.95]}, "properties": {"matched": false, "detecciones": 1, "fecha": "2026-10-02", "fuente": "GFW / Sentinel-1"}}, {"type": "Feature", "geometry": {"type": "Point", "coordinates": [-72.75, -42.19]}, "properties": {"matched": false, "detecciones": 1, "fecha": "2026-09-21", "fuente": "GFW / Sentinel-1"}}, {"type": "Feature", "geometry": {"type": "Point", "coordinates": [-72.87999725341797, -41.89]}, "properties": {"matched": false, "detecciones": 1, "fecha": "2026-09-14", "fuente": "GFW / Sentinel-1"}}, {"type": "Feature", "geometry": {"type": "Point", "coordinates": [-71.97000122070312, -52.57]}, "properties": {"matched": false, "detecciones": 1, "fecha": "2026-10-06", "fuente": "GFW / Sentinel-1"}}, {"type": "Feature", "geometry": {"type": "Point", "coordinates": [-73.75, -43.47]}, "properties": {"matched": false, "detecciones": 1, "fecha": "2026-09-09", "fuente": "GFW / Sentinel-1"}}, {"type": "Feature", "geometry": {"type": "Point", "coordinates": [-73.79000091552734, -41.79]}, "properties": {"matched": false, "detecciones": 1, "fecha": "2026-09-15", "fuente": "GFW / Sentinel-1"}}, {"type": "Feature", "geometry": {"type": "Point", "coordinates": [-73.01000213623047, -41.73]}, "properties": {"matched": false, "detecciones": 1, "fecha": "2026-09-09", "fuente": "GFW / Sentinel-1"}}, {"type": "Feature", "geometry": {"type": "Point", "coordinates": [-58.619998931884766, -38.67]}, "properties": {"matched": false, "detecciones": 1, "fecha": "2026-09-21", "fuente": "GFW / Sentinel-1"}}, {"type": "Feature", "geometry": {"type": "Point", "coordinates": [-72.55999755859375, -34]}, "properties": {"matched": false, "detecciones": 1, "fecha": "2026-09-27", "fuente": "GFW / Sentinel-1"}}, {"type": "Feature", "geometry": {"type": "Point", "coordinates": [-72.87000274658203, -41.75]}, "properties": {"matched": false, "detecciones": 1, "fecha": "2026-09-19", "fuente": "GFW / Sentinel-1"}}, {"type": "Feature", "geometry": {"type": "Point", "coordinates": [-72.05000305175781, -33.49]}, "properties": {"matched": false, "detecciones": 1, "fecha": "2026-09-10", "fuente": "GFW / Sentinel-1"}}, {"type": "Feature", "geometry": {"type": "Point", "coordinates": [-70.4800033569336, -52.8]}, "properties": {"matched": false, "detecciones": 1, "fecha": "2026-09-24", "fuente": "GFW / Sentinel-1"}}, {"type": "Feature", "geometry": {"type": "Point", "coordinates": [-70.36000061035156, -55.19]}, "properties": {"matched": false, "detecciones": 1, "fecha": "2026-09-30", "fuente": "GFW / Sentinel-1"}}, {"type": "Feature", "geometry": {"type": "Point", "coordinates": [-73.4800033569336, -42.78]}, "properties": {"matched": false, "detecciones": 1, "fecha": "2026-09-15", "fuente": "GFW / Sentinel-1"}}, {"type": "Feature", "geometry": {"type": "Point", "coordinates": [-59.310001373291016, -51.61]}, "properties": {"matched": false, "detecciones": 1, "fecha": "2026-09-18", "fuente": "GFW / Sentinel-1"}}, {"type": "Feature", "geometry": {"type": "Point", "coordinates": [-72.79000091552734, -42.02]}, "properties": {"matched": false, "detecciones": 1, "fecha": "2026-09-21", "fuente": "GFW / Sentinel-1"}}, {"type": "Feature", "geometry": {"type": "Point", "coordinates": [-72.87000274658203, -34.95]}, "properties": {"matched": false, "detecciones": 1, "fecha": "2026-09-27", "fuente": "GFW / Sentinel-1"}}, {"type": "Feature", "geometry": {"type": "Point", "coordinates": [-71.93000030517578, -33.61]}, "properties": {"matched": false, "detecciones": 1, "fecha": "2026-09-22", "fuente": "GFW / Sentinel-1"}}, {"type": "Feature", "geometry": {"type": "Point", "coordinates": [-73.19999694824219, -36.38]}, "properties": {"matched": false, "detecciones": 1, "fecha": "2026-10-02", "fuente": "GFW / Sentinel-1"}}, {"type": "Feature", "geometry": {"type": "Point", "coordinates": [-72.0999984741211, -53.71]}, "properties": {"matched": false, "detecciones": 1, "fecha": "2026-09-24", "fuente": "GFW / Sentinel-1"}}, {"type": "Feature", "geometry": {"type": "Point", "coordinates": [-73.63999938964844, -43.92]}, "properties": {"matched": false, "detecciones": 1, "fecha": "2026-09-12", "fuente": "GFW / Sentinel-1"}}, {"type": "Feature", "geometry": {"type": "Point", "coordinates": [-72.26000213623047, -33.73]}, "properties": {"matched": false, "detecciones": 1, "fecha": "2026-09-28", "fuente": "GFW / Sentinel-1"}}, {"type": "Feature", "geometry": {"type": "Point", "coordinates": [-71.58999633789062, -33]}, "properties": {"matched": false, "detecciones": 1, "fecha": "2026-09-22", "fuente": "GFW / Sentinel-1"}}, {"type": "Feature", "geometry": {"type": "Point", "coordinates": [-52.11000061035156, -33.15]}, "properties": {"matched": false, "detecciones": 1, "fecha": "2026-09-18", "fuente": "GFW / Sentinel-1"}}, {"type": "Feature", "geometry": {"type": "Point", "coordinates": [-73, -42.3]}, "properties": {"matched": false, "detecciones": 1, "fecha": "2026-09-14", "fuente": "GFW / Sentinel-1"}}, {"type": "Feature", "geometry": {"type": "Point", "coordinates": [-73.4000015258789, -43.83]}, "properties": {"matched": false, "detecciones": 1, "fecha": "2026-09-27", "fuente": "GFW / Sentinel-1"}}, {"type": "Feature", "geometry": {"type": "Point", "coordinates": [-72.75, -42.21]}, "properties": {"matched": false, "detecciones": 1, "fecha": "2026-09-26", "fuente": "GFW / Sentinel-1"}}, {"type": "Feature", "geometry": {"type": "Point", "coordinates": [-71.72000122070312, -54.39]}, "properties": {"matched": false, "detecciones": 1, "fecha": "2026-10-06", "fuente": "GFW / Sentinel-1"}}, {"type": "Feature", "geometry": {"type": "Point", "coordinates": [-72.66000366210938, -42.04]}, "properties": {"matched": false, "detecciones": 1, "fecha": "2026-10-02", "fuente": "GFW / Sentinel-1"}}, {"type": "Feature", "geometry": {"type": "Point", "coordinates": [-71.66000366210938, -33.59]}, "properties": {"matched": false, "detecciones": 1, "fecha": "2026-09-22", "fuente": "GFW / Sentinel-1"}}, {"type": "Feature", "geometry": {"type": "Point", "coordinates": [-73.36000061035156, -42.38]}, "properties": {"matched": false, "detecciones": 1, "fecha": "2026-10-03", "fuente": "GFW / Sentinel-1"}}, {"type": "Feature", "geometry": {"type": "Point", "coordinates": [-73.08999633789062, -41.97]}, "properties": {"matched": false, "detecciones": 1, "fecha": "2026-09-27", "fuente": "GFW / Sentinel-1"}}, {"type": "Feature", "geometry": {"type": "Point", "coordinates": [-58.54999923706055, -38.66]}, "properties": {"matched": false, "detecciones": 1, "fecha": "2026-09-21", "fuente": "GFW / Sentinel-1"}}, {"type": "Feature", "geometry": {"type": "Point", "coordinates": [-73.16999816894531, -41.96]}, "properties": {"matched": false, "detecciones": 1, "fecha": "2026-09-09", "fuente": "GFW / Sentinel-1"}}, {"type": "Feature", "geometry": {"type": "Point", "coordinates": [-72.91999816894531, -41.74]}, "properties": {"matched": false, "detecciones": 1, "fecha": "2026-09-15", "fuente": "GFW / Sentinel-1"}}, {"type": "Feature", "geometry": {"type": "Point", "coordinates": [-60.09000015258789, -51.42]}, "properties": {"matched": false, "detecciones": 1, "fecha": "2026-09-30", "fuente": "GFW / Sentinel-1"}}, {"type": "Feature", "geometry": {"type": "Point", "coordinates": [-73.01000213623047, -41.53]}, "properties": {"matched": false, "detecciones": 1, "fecha": "2026-09-09", "fuente": "GFW / Sentinel-1"}}, {"type": "Feature", "geometry": {"type": "Point", "coordinates": [-72.73999786376953, -41.68]}, "properties": {"matched": false, "detecciones": 1, "fecha": "2026-09-21", "fuente": "GFW / Sentinel-1"}}, {"type": "Feature", "geometry": {"type": "Point", "coordinates": [-73.08000183105469, -42.62]}, "properties": {"matched": false, "detecciones": 1, "fecha": "2026-09-21", "fuente": "GFW / Sentinel-1"}}, {"type": "Feature", "geometry": {"type": "Point", "coordinates": [-71.66999816894531, -33.6]}, "properties": {"matched": false, "detecciones": 1, "fecha": "2026-09-22", "fuente": "GFW / Sentinel-1"}}, {"type": "Feature", "geometry": {"type": "Point", "coordinates": [-70.9000015258789, -53.52]}, "properties": {"matched": false, "detecciones": 1, "fecha": "2026-09-30", "fuente": "GFW / Sentinel-1"}}, {"type": "Feature", "geometry": {"type": "Point", "coordinates": [-73.72000122070312, -50.62]}, "properties": {"matched": false, "detecciones": 1, "fecha": "2026-09-22", "fuente": "GFW / Sentinel-1"}}, {"type": "Feature", "geometry": {"type": "Point", "coordinates": [-72.88999938964844, -42.35]}, "properties": {"matched": false, "detecciones": 1, "fecha": "2026-09-21", "fuente": "GFW / Sentinel-1"}}, {"type": "Feature", "geometry": {"type": "Point", "coordinates": [-73.36000061035156, -43.9]}, "properties": {"matched": false, "detecciones": 1, "fecha": "2026-09-27", "fuente": "GFW / Sentinel-1"}}, {"type": "Feature", "geometry": {"type": "Point", "coordinates": [-73.77999877929688, -44.23]}, "properties": {"matched": false, "detecciones": 1, "fecha": "2026-09-27", "fuente": "GFW / Sentinel-1"}}, {"type": "Feature", "geometry": {"type": "Point", "coordinates": [-73.51000213623047, -36.93]}, "properties": {"matched": false, "detecciones": 1, "fecha": "2026-09-26", "fuente": "GFW / Sentinel-1"}}, {"type": "Feature", "geometry": {"type": "Point", "coordinates": [-73.36000061035156, -45.67]}, "properties": {"matched": false, "detecciones": 1, "fecha": "2026-09-27", "fuente": "GFW / Sentinel-1"}}, {"type": "Feature", "geometry": {"type": "Point", "coordinates": [-73.5, -44.76]}, "properties": {"matched": false, "detecciones": 1, "fecha": "2026-09-12", "fuente": "GFW / Sentinel-1"}}, {"type": "Feature", "geometry": {"type": "Point", "coordinates": [-73.19999694824219, -41.91]}, "properties": {"matched": false, "detecciones": 1, "fecha": "2026-09-27", "fuente": "GFW / Sentinel-1"}}, {"type": "Feature", "geometry": {"type": "Point", "coordinates": [-73.4800033569336, -36.03]}, "properties": {"matched": false, "detecciones": 1, "fecha": "2026-10-02", "fuente": "GFW / Sentinel-1"}}, {"type": "Feature", "geometry": {"type": "Point", "coordinates": [-73.37000274658203, -42.62]}, "properties": {"matched": false, "detecciones": 1, "fecha": "2026-09-27", "fuente": "GFW / Sentinel-1"}}, {"type": "Feature", "geometry": {"type": "Point", "coordinates": [-73.27999877929688, -41.98]}, "properties": {"matched": false, "detecciones": 1, "fecha": "2026-09-26", "fuente": "GFW / Sentinel-1"}}, {"type": "Feature", "geometry": {"type": "Point", "coordinates": [-72.79000091552734, -42.05]}, "properties": {"matched": false, "detecciones": 1, "fecha": "2026-09-14", "fuente": "GFW / Sentinel-1"}}, {"type": "Feature", "geometry": {"type": "Point", "coordinates": [-73.62000274658203, -46.31]}, "properties": {"matched": false, "detecciones": 1, "fecha": "2026-09-24", "fuente": "GFW / Sentinel-1"}}, {"type": "Feature", "geometry": {"type": "Point", "coordinates": [-72.9000015258789, -42.62]}, "properties": {"matched": false, "detecciones": 1, "fecha": "2026-09-14", "fuente": "GFW / Sentinel-1"}}, {"type": "Feature", "geometry": {"type": "Point", "coordinates": [-72.91999816894531, -45.45]}, "properties": {"matched": false, "detecciones": 1, "fecha": "2026-10-03", "fuente": "GFW / Sentinel-1"}}, {"type": "Feature", "geometry": {"type": "Point", "coordinates": [-59.900001525878906, -51.36]}, "properties": {"matched": false, "detecciones": 1, "fecha": "2026-09-30", "fuente": "GFW / Sentinel-1"}}, {"type": "Feature", "geometry": {"type": "Point", "coordinates": [-73.05999755859375, -41.88]}, "properties": {"matched": false, "detecciones": 1, "fecha": "2026-09-14", "fuente": "GFW / Sentinel-1"}}, {"type": "Feature", "geometry": {"type": "Point", "coordinates": [-73.02999877929688, -41.67]}, "properties": {"matched": false, "detecciones": 1, "fecha": "2026-10-02", "fuente": "GFW / Sentinel-1"}}, {"type": "Feature", "geometry": {"type": "Point", "coordinates": [-73.01000213623047, -41.54]}, "properties": {"matched": false, "detecciones": 1, "fecha": "2026-10-02", "fuente": "GFW / Sentinel-1"}}, {"type": "Feature", "geometry": {"type": "Point", "coordinates": [-72.5, -34.44]}, "properties": {"matched": false, "detecciones": 1, "fecha": "2026-09-27", "fuente": "GFW / Sentinel-1"}}, {"type": "Feature", "geometry": {"type": "Point", "coordinates": [-62.25, -40.18]}, "properties": {"matched": false, "detecciones": 1, "fecha": "2026-09-20", "fuente": "GFW / Sentinel-1"}}, {"type": "Feature", "geometry": {"type": "Point", "coordinates": [-72.77999877929688, -41.7]}, "properties": {"matched": false, "detecciones": 1, "fecha": "2026-09-14", "fuente": "GFW / Sentinel-1"}}, {"type": "Feature", "geometry": {"type": "Point", "coordinates": [-73.38999938964844, -36.1]}, "properties": {"matched": false, "detecciones": 1, "fecha": "2026-09-20", "fuente": "GFW / Sentinel-1"}}, {"type": "Feature", "geometry": {"type": "Point", "coordinates": [-73, -45.41]}, "properties": {"matched": false, "detecciones": 1, "fecha": "2026-09-24", "fuente": "GFW / Sentinel-1"}}, {"type": "Feature", "geometry": {"type": "Point", "coordinates": [-73.05999755859375, -41.87]}, "properties": {"matched": false, "detecciones": 1, "fecha": "2026-09-14", "fuente": "GFW / Sentinel-1"}}, {"type": "Feature", "geometry": {"type": "Point", "coordinates": [-72.87999725341797, -42.16]}, "properties": {"matched": false, "detecciones": 1, "fecha": "2026-09-21", "fuente": "GFW / Sentinel-1"}}, {"type": "Feature", "geometry": {"type": "Point", "coordinates": [-58.66999816894531, -38.67]}, "properties": {"matched": false, "detecciones": 1, "fecha": "2026-09-09", "fuente": "GFW / Sentinel-1"}}, {"type": "Feature", "geometry": {"type": "Point", "coordinates": [-72.83999633789062, -42.37]}, "properties": {"matched": false, "detecciones": 1, "fecha": "2026-09-15", "fuente": "GFW / Sentinel-1"}}, {"type": "Feature", "geometry": {"type": "Point", "coordinates": [-73.33999633789062, -42.01]}, "properties": {"matched": false, "detecciones": 1, "fecha": "2026-09-20", "fuente": "GFW / Sentinel-1"}}, {"type": "Feature", "geometry": {"type": "Point", "coordinates": [-72.83000183105469, -41.83]}, "properties": {"matched": false, "detecciones": 1, "fecha": "2026-09-26", "fuente": "GFW / Sentinel-1"}}, {"type": "Feature", "geometry": {"type": "Point", "coordinates": [-71.72000122070312, -33.62]}, "properties": {"matched": false, "detecciones": 1, "fecha": "2026-10-02", "fuente": "GFW / Sentinel-1"}}, {"type": "Feature", "geometry": {"type": "Point", "coordinates": [-72.9000015258789, -42.7]}, "properties": {"matched": false, "detecciones": 1, "fecha": "2026-09-09", "fuente": "GFW / Sentinel-1"}}, {"type": "Feature", "geometry": {"type": "Point", "coordinates": [-73.44999694824219, -36.05]}, "properties": {"matched": false, "detecciones": 1, "fecha": "2026-10-02", "fuente": "GFW / Sentinel-1"}}, {"type": "Feature", "geometry": {"type": "Point", "coordinates": [-73.6500015258789, -43.28]}, "properties": {"matched": false, "detecciones": 1, "fecha": "2026-10-03", "fuente": "GFW / Sentinel-1"}}, {"type": "Feature", "geometry": {"type": "Point", "coordinates": [-73.6500015258789, -43.62]}, "properties": {"matched": false, "detecciones": 1, "fecha": "2026-09-15", "fuente": "GFW / Sentinel-1"}}, {"type": "Feature", "geometry": {"type": "Point", "coordinates": [-73.20999908447266, -42.25]}, "properties": {"matched": false, "detecciones": 1, "fecha": "2026-10-02", "fuente": "GFW / Sentinel-1"}}, {"type": "Feature", "geometry": {"type": "Point", "coordinates": [-73.56999969482422, -42.37]}, "properties": {"matched": false, "detecciones": 1, "fecha": "2026-09-09", "fuente": "GFW / Sentinel-1"}}, {"type": "Feature", "geometry": {"type": "Point", "coordinates": [-73.69000244140625, -45.78]}, "properties": {"matched": false, "detecciones": 1, "fecha": "2026-09-19", "fuente": "GFW / Sentinel-1"}}, {"type": "Feature", "geometry": {"type": "Point", "coordinates": [-58.09000015258789, -38.59]}, "properties": {"matched": false, "detecciones": 1, "fecha": "2026-09-21", "fuente": "GFW / Sentinel-1"}}, {"type": "Feature", "geometry": {"type": "Point", "coordinates": [-57.7400016784668, -38.66]}, "properties": {"matched": false, "detecciones": 1, "fecha": "2026-09-21", "fuente": "GFW / Sentinel-1"}}, {"type": "Feature", "geometry": {"type": "Point", "coordinates": [-73.27999877929688, -44.94]}, "properties": {"matched": false, "detecciones": 1, "fecha": "2026-09-19", "fuente": "GFW / Sentinel-1"}}, {"type": "Feature", "geometry": {"type": "Point", "coordinates": [-73.05000305175781, -41.95]}, "properties": {"matched": false, "detecciones": 1, "fecha": "2026-09-27", "fuente": "GFW / Sentinel-1"}}, {"type": "Feature", "geometry": {"type": "Point", "coordinates": [-71.62000274658203, -33.02]}, "properties": {"matched": false, "detecciones": 1, "fecha": "2026-10-04", "fuente": "GFW / Sentinel-1"}}, {"type": "Feature", "geometry": {"type": "Point", "coordinates": [-59.630001068115234, -51.32]}, "properties": {"matched": false, "detecciones": 1, "fecha": "2026-09-30", "fuente": "GFW / Sentinel-1"}}, {"type": "Feature", "geometry": {"type": "Point", "coordinates": [-72.98999786376953, -36.38]}, "properties": {"matched": false, "detecciones": 1, "fecha": "2026-10-02", "fuente": "GFW / Sentinel-1"}}, {"type": "Feature", "geometry": {"type": "Point", "coordinates": [-71.94999694824219, -53.11]}, "properties": {"matched": false, "detecciones": 1, "fecha": "2026-09-24", "fuente": "GFW / Sentinel-1"}}, {"type": "Feature", "geometry": {"type": "Point", "coordinates": [-73.19000244140625, -41.82]}, "properties": {"matched": false, "detecciones": 1, "fecha": "2026-09-14", "fuente": "GFW / Sentinel-1"}}, {"type": "Feature", "geometry": {"type": "Point", "coordinates": [-73.30999755859375, -42.9]}, "properties": {"matched": false, "detecciones": 1, "fecha": "2026-09-21", "fuente": "GFW / Sentinel-1"}}, {"type": "Feature", "geometry": {"type": "Point", "coordinates": [-59.86000061035156, -51.23]}, "properties": {"matched": false, "detecciones": 1, "fecha": "2026-09-18", "fuente": "GFW / Sentinel-1"}}, {"type": "Feature", "geometry": {"type": "Point", "coordinates": [-70.88999938964844, -53.54]}, "properties": {"matched": false, "detecciones": 1, "fecha": "2026-09-18", "fuente": "GFW / Sentinel-1"}}, {"type": "Feature", "geometry": {"type": "Point", "coordinates": [-72.87000274658203, -41.96]}, "properties": {"matched": false, "detecciones": 1, "fecha": "2026-09-15", "fuente": "GFW / Sentinel-1"}}, {"type": "Feature", "geometry": {"type": "Point", "coordinates": [-73.7300033569336, -50.63]}, "properties": {"matched": false, "detecciones": 1, "fecha": "2026-09-22", "fuente": "GFW / Sentinel-1"}}, {"type": "Feature", "geometry": {"type": "Point", "coordinates": [-73.55000305175781, -39.88]}, "properties": {"matched": false, "detecciones": 1, "fecha": "2026-09-26", "fuente": "GFW / Sentinel-1"}}, {"type": "Feature", "geometry": {"type": "Point", "coordinates": [-72.4000015258789, -34.45]}, "properties": {"matched": false, "detecciones": 1, "fecha": "2026-10-02", "fuente": "GFW / Sentinel-1"}}, {"type": "Feature", "geometry": {"type": "Point", "coordinates": [-73.31999969482422, -43.06]}, "properties": {"matched": false, "detecciones": 1, "fecha": "2026-09-21", "fuente": "GFW / Sentinel-1"}}, {"type": "Feature", "geometry": {"type": "Point", "coordinates": [-73.02999877929688, -41.62]}, "properties": {"matched": false, "detecciones": 1, "fecha": "2026-09-19", "fuente": "GFW / Sentinel-1"}}, {"type": "Feature", "geometry": {"type": "Point", "coordinates": [-71.4000015258789, -54]}, "properties": {"matched": false, "detecciones": 1, "fecha": "2026-09-24", "fuente": "GFW / Sentinel-1"}}, {"type": "Feature", "geometry": {"type": "Point", "coordinates": [-70.88999938964844, -53.18]}, "properties": {"matched": false, "detecciones": 1, "fecha": "2026-09-12", "fuente": "GFW / Sentinel-1"}}, {"type": "Feature", "geometry": {"type": "Point", "coordinates": [-65.55999755859375, -46.63]}, "properties": {"matched": false, "detecciones": 1, "fecha": "2026-09-25", "fuente": "GFW / Sentinel-1"}}, {"type": "Feature", "geometry": {"type": "Point", "coordinates": [-72.70999908447266, -33.42]}, "properties": {"matched": false, "detecciones": 1, "fecha": "2026-10-02", "fuente": "GFW / Sentinel-1"}}, {"type": "Feature", "geometry": {"type": "Point", "coordinates": [-73.79000091552734, -44.19]}, "properties": {"matched": false, "detecciones": 1, "fecha": "2026-09-19", "fuente": "GFW / Sentinel-1"}}, {"type": "Feature", "geometry": {"type": "Point", "coordinates": [-73.41999816894531, -44.21]}, "properties": {"matched": false, "detecciones": 1, "fecha": "2026-09-15", "fuente": "GFW / Sentinel-1"}}, {"type": "Feature", "geometry": {"type": "Point", "coordinates": [-72.91000366210938, -42.3]}, "properties": {"matched": false, "detecciones": 1, "fecha": "2026-09-21", "fuente": "GFW / Sentinel-1"}}, {"type": "Feature", "geometry": {"type": "Point", "coordinates": [-73.36000061035156, -37.01]}, "properties": {"matched": false, "detecciones": 1, "fecha": "2026-09-26", "fuente": "GFW / Sentinel-1"}}, {"type": "Feature", "geometry": {"type": "Point", "coordinates": [-73.0199966430664, -41.76]}, "properties": {"matched": false, "detecciones": 1, "fecha": "2026-09-15", "fuente": "GFW / Sentinel-1"}}, {"type": "Feature", "geometry": {"type": "Point", "coordinates": [-73.75, -43.79]}, "properties": {"matched": false, "detecciones": 1, "fecha": "2026-09-24", "fuente": "GFW / Sentinel-1"}}, {"type": "Feature", "geometry": {"type": "Point", "coordinates": [-73.2699966430664, -42.57]}, "properties": {"matched": false, "detecciones": 1, "fecha": "2026-09-09", "fuente": "GFW / Sentinel-1"}}, {"type": "Feature", "geometry": {"type": "Point", "coordinates": [-73.5999984741211, -36.94]}, "properties": {"matched": false, "detecciones": 1, "fecha": "2026-09-26", "fuente": "GFW / Sentinel-1"}}, {"type": "Feature", "geometry": {"type": "Point", "coordinates": [-72.55999755859375, -51.81]}, "properties": {"matched": false, "detecciones": 1, "fecha": "2026-09-29", "fuente": "GFW / Sentinel-1"}}, {"type": "Feature", "geometry": {"type": "Point", "coordinates": [-73.30000305175781, -42.19]}, "properties": {"matched": false, "detecciones": 1, "fecha": "2026-09-19", "fuente": "GFW / Sentinel-1"}}, {"type": "Feature", "geometry": {"type": "Point", "coordinates": [-73.05999755859375, -45.39]}, "properties": {"matched": false, "detecciones": 1, "fecha": "2026-09-24", "fuente": "GFW / Sentinel-1"}}, {"type": "Feature", "geometry": {"type": "Point", "coordinates": [-73.36000061035156, -43.12]}, "properties": {"matched": false, "detecciones": 1, "fecha": "2026-09-09", "fuente": "GFW / Sentinel-1"}}, {"type": "Feature", "geometry": {"type": "Point", "coordinates": [-60.47999954223633, -39.32]}, "properties": {"matched": false, "detecciones": 1, "fecha": "2026-09-20", "fuente": "GFW / Sentinel-1"}}, {"type": "Feature", "geometry": {"type": "Point", "coordinates": [-73.2300033569336, -44.95]}, "properties": {"matched": false, "detecciones": 1, "fecha": "2026-09-12", "fuente": "GFW / Sentinel-1"}}, {"type": "Feature", "geometry": {"type": "Point", "coordinates": [-72.95999908447266, -41.53]}, "properties": {"matched": false, "detecciones": 1, "fecha": "2026-09-21", "fuente": "GFW / Sentinel-1"}}, {"type": "Feature", "geometry": {"type": "Point", "coordinates": [-72.38999938964844, -52.72]}, "properties": {"matched": false, "detecciones": 1, "fecha": "2026-10-06", "fuente": "GFW / Sentinel-1"}}, {"type": "Feature", "geometry": {"type": "Point", "coordinates": [-73.41999816894531, -44.2]}, "properties": {"matched": false, "detecciones": 1, "fecha": "2026-09-15", "fuente": "GFW / Sentinel-1"}}, {"type": "Feature", "geometry": {"type": "Point", "coordinates": [-65, -40.97]}, "properties": {"matched": false, "detecciones": 1, "fecha": "2026-09-25", "fuente": "GFW / Sentinel-1"}}, {"type": "Feature", "geometry": {"type": "Point", "coordinates": [-73.41000366210938, -44.12]}, "properties": {"matched": false, "detecciones": 1, "fecha": "2026-09-27", "fuente": "GFW / Sentinel-1"}}, {"type": "Feature", "geometry": {"type": "Point", "coordinates": [-66.2699966430664, -46.05]}, "properties": {"matched": false, "detecciones": 1, "fecha": "2026-09-13", "fuente": "GFW / Sentinel-1"}}, {"type": "Feature", "geometry": {"type": "Point", "coordinates": [-73.48999786376953, -43.98]}, "properties": {"matched": false, "detecciones": 1, "fecha": "2026-09-12", "fuente": "GFW / Sentinel-1"}}, {"type": "Feature", "geometry": {"type": "Point", "coordinates": [-73.05000305175781, -41.92]}, "properties": {"matched": false, "detecciones": 1, "fecha": "2026-09-14", "fuente": "GFW / Sentinel-1"}}, {"type": "Feature", "geometry": {"type": "Point", "coordinates": [-59.95000076293945, -52.28]}, "properties": {"matched": false, "detecciones": 1, "fecha": "2026-09-30", "fuente": "GFW / Sentinel-1"}}, {"type": "Feature", "geometry": {"type": "Point", "coordinates": [-73.43000030517578, -41.84]}, "properties": {"matched": false, "detecciones": 1, "fecha": "2026-09-09", "fuente": "GFW / Sentinel-1"}}, {"type": "Feature", "geometry": {"type": "Point", "coordinates": [-72.69999694824219, -34.44]}, "properties": {"matched": false, "detecciones": 1, "fecha": "2026-10-02", "fuente": "GFW / Sentinel-1"}}, {"type": "Feature", "geometry": {"type": "Point", "coordinates": [-73.33999633789062, -44.22]}, "properties": {"matched": false, "detecciones": 1, "fecha": "2026-09-10", "fuente": "GFW / Sentinel-1"}}, {"type": "Feature", "geometry": {"type": "Point", "coordinates": [-73.44000244140625, -42.88]}, "properties": {"matched": false, "detecciones": 1, "fecha": "2026-10-03", "fuente": "GFW / Sentinel-1"}}, {"type": "Feature", "geometry": {"type": "Point", "coordinates": [-72.83999633789062, -41.6]}, "properties": {"matched": false, "detecciones": 1, "fecha": "2026-10-03", "fuente": "GFW / Sentinel-1"}}, {"type": "Feature", "geometry": {"type": "Point", "coordinates": [-62.369998931884766, -40.32]}, "properties": {"matched": false, "detecciones": 1, "fecha": "2026-09-20", "fuente": "GFW / Sentinel-1"}}, {"type": "Feature", "geometry": {"type": "Point", "coordinates": [-73.41000366210938, -37]}, "properties": {"matched": false, "detecciones": 1, "fecha": "2026-09-26", "fuente": "GFW / Sentinel-1"}}, {"type": "Feature", "geometry": {"type": "Point", "coordinates": [-73.20999908447266, -41.93]}, "properties": {"matched": false, "detecciones": 1, "fecha": "2026-09-19", "fuente": "GFW / Sentinel-1"}}, {"type": "Feature", "geometry": {"type": "Point", "coordinates": [-73.12000274658203, -42.07]}, "properties": {"matched": false, "detecciones": 1, "fecha": "2026-09-27", "fuente": "GFW / Sentinel-1"}}, {"type": "Feature", "geometry": {"type": "Point", "coordinates": [-73.0199966430664, -41.66]}, "properties": {"matched": false, "detecciones": 1, "fecha": "2026-10-02", "fuente": "GFW / Sentinel-1"}}, {"type": "Feature", "geometry": {"type": "Point", "coordinates": [-67.02999877929688, -48.65]}, "properties": {"matched": false, "detecciones": 1, "fecha": "2026-09-13", "fuente": "GFW / Sentinel-1"}}, {"type": "Feature", "geometry": {"type": "Point", "coordinates": [-57.88999938964844, -38.9]}, "properties": {"matched": false, "detecciones": 1, "fecha": "2026-09-09", "fuente": "GFW / Sentinel-1"}}, {"type": "Feature", "geometry": {"type": "Point", "coordinates": [-72.87999725341797, -41.72]}, "properties": {"matched": false, "detecciones": 1, "fecha": "2026-09-09", "fuente": "GFW / Sentinel-1"}}, {"type": "Feature", "geometry": {"type": "Point", "coordinates": [-60.13999938964844, -51.44]}, "properties": {"matched": false, "detecciones": 1, "fecha": "2026-09-30", "fuente": "GFW / Sentinel-1"}}, {"type": "Feature", "geometry": {"type": "Point", "coordinates": [-73.19999694824219, -41.99]}, "properties": {"matched": false, "detecciones": 1, "fecha": "2026-09-14", "fuente": "GFW / Sentinel-1"}}, {"type": "Feature", "geometry": {"type": "Point", "coordinates": [-73.45999908447266, -43.11]}, "properties": {"matched": false, "detecciones": 1, "fecha": "2026-10-03", "fuente": "GFW / Sentinel-1"}}, {"type": "Feature", "geometry": {"type": "Point", "coordinates": [-73.91000366210938, -38.92]}, "properties": {"matched": false, "detecciones": 1, "fecha": "2026-10-02", "fuente": "GFW / Sentinel-1"}}, {"type": "Feature", "geometry": {"type": "Point", "coordinates": [-73.55000305175781, -36.61]}, "properties": {"matched": false, "detecciones": 1, "fecha": "2026-10-02", "fuente": "GFW / Sentinel-1"}}, {"type": "Feature", "geometry": {"type": "Point", "coordinates": [-73.37999725341797, -36.99]}, "properties": {"matched": false, "detecciones": 1, "fecha": "2026-09-26", "fuente": "GFW / Sentinel-1"}}, {"type": "Feature", "geometry": {"type": "Point", "coordinates": [-73.06999969482422, -45.36]}, "properties": {"matched": false, "detecciones": 1, "fecha": "2026-09-24", "fuente": "GFW / Sentinel-1"}}, {"type": "Feature", "geometry": {"type": "Point", "coordinates": [-73.44000244140625, -36.86]}, "properties": {"matched": false, "detecciones": 2, "fecha": "2026-10-02", "fuente": "GFW / Sentinel-1"}}, {"type": "Feature", "geometry": {"type": "Point", "coordinates": [-73.30000305175781, -43.38]}, "properties": {"matched": true, "detecciones": 1, "fecha": "2026-09-21", "fuente": "GFW / Sentinel-1"}}, {"type": "Feature", "geometry": {"type": "Point", "coordinates": [-73.0199966430664, -36.68]}, "properties": {"matched": true, "detecciones": 1, "fecha": "2026-09-20", "fuente": "GFW / Sentinel-1"}}, {"type": "Feature", "geometry": {"type": "Point", "coordinates": [-61.540000915527344, -39.32]}, "properties": {"matched": true, "detecciones": 1, "fecha": "2026-09-20", "fuente": "GFW / Sentinel-1"}}, {"type": "Feature", "geometry": {"type": "Point", "coordinates": [-67.18000030517578, -45.89]}, "properties": {"matched": true, "detecciones": 1, "fecha": "2026-09-13", "fuente": "GFW / Sentinel-1"}}, {"type": "Feature", "geometry": {"type": "Point", "coordinates": [-71.58999633789062, -33]}, "properties": {"matched": true, "detecciones": 1, "fecha": "2026-09-28", "fuente": "GFW / Sentinel-1"}}, {"type": "Feature", "geometry": {"type": "Point", "coordinates": [-63.75, -42.85]}, "properties": {"matched": true, "detecciones": 1, "fecha": "2026-09-13", "fuente": "GFW / Sentinel-1"}}, {"type": "Feature", "geometry": {"type": "Point", "coordinates": [-73.12999725341797, -42.53]}, "properties": {"matched": true, "detecciones": 1, "fecha": "2026-09-21", "fuente": "GFW / Sentinel-1"}}, {"type": "Feature", "geometry": {"type": "Point", "coordinates": [-73.02999877929688, -36.67]}, "properties": {"matched": true, "detecciones": 1, "fecha": "2026-09-20", "fuente": "GFW / Sentinel-1"}}, {"type": "Feature", "geometry": {"type": "Point", "coordinates": [-70.4000015258789, -52.75]}, "properties": {"matched": true, "detecciones": 1, "fecha": "2026-09-24", "fuente": "GFW / Sentinel-1"}}, {"type": "Feature", "geometry": {"type": "Point", "coordinates": [-73.0199966430664, -42.3]}, "properties": {"matched": true, "detecciones": 1, "fecha": "2026-09-19", "fuente": "GFW / Sentinel-1"}}, {"type": "Feature", "geometry": {"type": "Point", "coordinates": [-73.80000305175781, -44.97]}, "properties": {"matched": true, "detecciones": 1, "fecha": "2026-09-15", "fuente": "GFW / Sentinel-1"}}, {"type": "Feature", "geometry": {"type": "Point", "coordinates": [-73.72000122070312, -44.12]}, "properties": {"matched": true, "detecciones": 1, "fecha": "2026-09-27", "fuente": "GFW / Sentinel-1"}}, {"type": "Feature", "geometry": {"type": "Point", "coordinates": [-73.73999786376953, -41.77]}, "properties": {"matched": true, "detecciones": 1, "fecha": "2026-09-15", "fuente": "GFW / Sentinel-1"}}, {"type": "Feature", "geometry": {"type": "Point", "coordinates": [-73.19000244140625, -42.65]}, "properties": {"matched": true, "detecciones": 1, "fecha": "2026-09-14", "fuente": "GFW / Sentinel-1"}}, {"type": "Feature", "geometry": {"type": "Point", "coordinates": [-73.83999633789062, -45.67]}, "properties": {"matched": true, "detecciones": 1, "fecha": "2026-09-19", "fuente": "GFW / Sentinel-1"}}, {"type": "Feature", "geometry": {"type": "Point", "coordinates": [-73.41000366210938, -43.91]}, "properties": {"matched": true, "detecciones": 1, "fecha": "2026-09-09", "fuente": "GFW / Sentinel-1"}}, {"type": "Feature", "geometry": {"type": "Point", "coordinates": [-72.6500015258789, -41.72]}, "properties": {"matched": true, "detecciones": 1, "fecha": "2026-09-21", "fuente": "GFW / Sentinel-1"}}, {"type": "Feature", "geometry": {"type": "Point", "coordinates": [-70.7300033569336, -53.36]}, "properties": {"matched": true, "detecciones": 1, "fecha": "2026-09-24", "fuente": "GFW / Sentinel-1"}}, {"type": "Feature", "geometry": {"type": "Point", "coordinates": [-73.66000366210938, -43.79]}, "properties": {"matched": true, "detecciones": 1, "fecha": "2026-09-27", "fuente": "GFW / Sentinel-1"}}, {"type": "Feature", "geometry": {"type": "Point", "coordinates": [-71.6500015258789, -33.6]}, "properties": {"matched": true, "detecciones": 1, "fecha": "2026-09-28", "fuente": "GFW / Sentinel-1"}}, {"type": "Feature", "geometry": {"type": "Point", "coordinates": [-72.80999755859375, -41.8]}, "properties": {"matched": true, "detecciones": 1, "fecha": "2026-10-02", "fuente": "GFW / Sentinel-1"}}, {"type": "Feature", "geometry": {"type": "Point", "coordinates": [-73.4800033569336, -36.37]}, "properties": {"matched": true, "detecciones": 1, "fecha": "2026-09-27", "fuente": "GFW / Sentinel-1"}}, {"type": "Feature", "geometry": {"type": "Point", "coordinates": [-73.2699966430664, -43.06]}, "properties": {"matched": true, "detecciones": 1, "fecha": "2026-10-03", "fuente": "GFW / Sentinel-1"}}, {"type": "Feature", "geometry": {"type": "Point", "coordinates": [-72.08999633789062, -52.58]}, "properties": {"matched": true, "detecciones": 1, "fecha": "2026-10-06", "fuente": "GFW / Sentinel-1"}}, {"type": "Feature", "geometry": {"type": "Point", "coordinates": [-73.23999786376953, -42.85]}, "properties": {"matched": true, "detecciones": 1, "fecha": "2026-09-27", "fuente": "GFW / Sentinel-1"}}, {"type": "Feature", "geometry": {"type": "Point", "coordinates": [-61.90999984741211, -38.99]}, "properties": {"matched": true, "detecciones": 1, "fecha": "2026-09-25", "fuente": "GFW / Sentinel-1"}}, {"type": "Feature", "geometry": {"type": "Point", "coordinates": [-59.4900016784668, -39.15]}, "properties": {"matched": true, "detecciones": 1, "fecha": "2026-10-03", "fuente": "GFW / Sentinel-1"}}, {"type": "Feature", "geometry": {"type": "Point", "coordinates": [-63.45000076293945, -42.79]}, "properties": {"matched": true, "detecciones": 1, "fecha": "2026-09-13", "fuente": "GFW / Sentinel-1"}}, {"type": "Feature", "geometry": {"type": "Point", "coordinates": [-72.87000274658203, -41.88]}, "properties": {"matched": true, "detecciones": 1, "fecha": "2026-09-09", "fuente": "GFW / Sentinel-1"}}, {"type": "Feature", "geometry": {"type": "Point", "coordinates": [-63.88999938964844, -43.82]}, "properties": {"matched": true, "detecciones": 1, "fecha": "2026-09-25", "fuente": "GFW / Sentinel-1"}}, {"type": "Feature", "geometry": {"type": "Point", "coordinates": [-73.30000305175781, -44.15]}, "properties": {"matched": true, "detecciones": 1, "fecha": "2026-09-09", "fuente": "GFW / Sentinel-1"}}, {"type": "Feature", "geometry": {"type": "Point", "coordinates": [-73.48999786376953, -43.45]}, "properties": {"matched": true, "detecciones": 1, "fecha": "2026-09-21", "fuente": "GFW / Sentinel-1"}}, {"type": "Feature", "geometry": {"type": "Point", "coordinates": [-73.37999725341797, -44.18]}, "properties": {"matched": true, "detecciones": 1, "fecha": "2026-09-09", "fuente": "GFW / Sentinel-1"}}, {"type": "Feature", "geometry": {"type": "Point", "coordinates": [-73.93000030517578, -44.87]}, "properties": {"matched": true, "detecciones": 1, "fecha": "2026-09-09", "fuente": "GFW / Sentinel-1"}}, {"type": "Feature", "geometry": {"type": "Point", "coordinates": [-64.83000183105469, -42.77]}, "properties": {"matched": true, "detecciones": 1, "fecha": "2026-09-25", "fuente": "GFW / Sentinel-1"}}, {"type": "Feature", "geometry": {"type": "Point", "coordinates": [-72.97000122070312, -53.37]}, "properties": {"matched": true, "detecciones": 1, "fecha": "2026-09-29", "fuente": "GFW / Sentinel-1"}}, {"type": "Feature", "geometry": {"type": "Point", "coordinates": [-64.95999908447266, -41.69]}, "properties": {"matched": true, "detecciones": 1, "fecha": "2026-09-13", "fuente": "GFW / Sentinel-1"}}, {"type": "Feature", "geometry": {"type": "Point", "coordinates": [-72.98999786376953, -42.26]}, "properties": {"matched": true, "detecciones": 1, "fecha": "2026-09-27", "fuente": "GFW / Sentinel-1"}}, {"type": "Feature", "geometry": {"type": "Point", "coordinates": [-61.5, -39.39]}, "properties": {"matched": true, "detecciones": 1, "fecha": "2026-09-20", "fuente": "GFW / Sentinel-1"}}, {"type": "Feature", "geometry": {"type": "Point", "coordinates": [-70.87000274658203, -53.26]}, "properties": {"matched": true, "detecciones": 1, "fecha": "2026-09-12", "fuente": "GFW / Sentinel-1"}}, {"type": "Feature", "geometry": {"type": "Point", "coordinates": [-61.439998626708984, -39.28]}, "properties": {"matched": true, "detecciones": 1, "fecha": "2026-09-26", "fuente": "GFW / Sentinel-1"}}, {"type": "Feature", "geometry": {"type": "Point", "coordinates": [-61.560001373291016, -39.31]}, "properties": {"matched": true, "detecciones": 1, "fecha": "2026-09-20", "fuente": "GFW / Sentinel-1"}}, {"type": "Feature", "geometry": {"type": "Point", "coordinates": [-73.66000366210938, -44.94]}, "properties": {"matched": true, "detecciones": 1, "fecha": "2026-10-03", "fuente": "GFW / Sentinel-1"}}, {"type": "Feature", "geometry": {"type": "Point", "coordinates": [-58.779998779296875, -39.24]}, "properties": {"matched": true, "detecciones": 1, "fecha": "2026-09-09", "fuente": "GFW / Sentinel-1"}}, {"type": "Feature", "geometry": {"type": "Point", "coordinates": [-73.47000122070312, -44.96]}, "properties": {"matched": true, "detecciones": 1, "fecha": "2026-10-03", "fuente": "GFW / Sentinel-1"}}, {"type": "Feature", "geometry": {"type": "Point", "coordinates": [-73.33000183105469, -43.47]}, "properties": {"matched": true, "detecciones": 1, "fecha": "2026-10-03", "fuente": "GFW / Sentinel-1"}}, {"type": "Feature", "geometry": {"type": "Point", "coordinates": [-72.81999969482422, -41.81]}, "properties": {"matched": true, "detecciones": 1, "fecha": "2026-09-14", "fuente": "GFW / Sentinel-1"}}, {"type": "Feature", "geometry": {"type": "Point", "coordinates": [-72.80000305175781, -42.89]}, "properties": {"matched": true, "detecciones": 1, "fecha": "2026-09-09", "fuente": "GFW / Sentinel-1"}}, {"type": "Feature", "geometry": {"type": "Point", "coordinates": [-71.66000366210938, -33.62]}, "properties": {"matched": true, "detecciones": 1, "fecha": "2026-10-02", "fuente": "GFW / Sentinel-1"}}, {"type": "Feature", "geometry": {"type": "Point", "coordinates": [-60.790000915527344, -39.37]}, "properties": {"matched": true, "detecciones": 1, "fecha": "2026-09-15", "fuente": "GFW / Sentinel-1"}}, {"type": "Feature", "geometry": {"type": "Point", "coordinates": [-72.98999786376953, -42.13]}, "properties": {"matched": true, "detecciones": 1, "fecha": "2026-10-02", "fuente": "GFW / Sentinel-1"}}, {"type": "Feature", "geometry": {"type": "Point", "coordinates": [-72.63999938964844, -44.48]}, "properties": {"matched": true, "detecciones": 1, "fecha": "2026-10-04", "fuente": "GFW / Sentinel-1"}}, {"type": "Feature", "geometry": {"type": "Point", "coordinates": [-64.95999908447266, -41.72]}, "properties": {"matched": true, "detecciones": 1, "fecha": "2026-09-13", "fuente": "GFW / Sentinel-1"}}, {"type": "Feature", "geometry": {"type": "Point", "coordinates": [-62.04999923706055, -40.88]}, "properties": {"matched": true, "detecciones": 1, "fecha": "2026-09-20", "fuente": "GFW / Sentinel-1"}}, {"type": "Feature", "geometry": {"type": "Point", "coordinates": [-72.55999755859375, -34.71]}, "properties": {"matched": true, "detecciones": 1, "fecha": "2026-10-02", "fuente": "GFW / Sentinel-1"}}, {"type": "Feature", "geometry": {"type": "Point", "coordinates": [-73.13999938964844, -41.8]}, "properties": {"matched": true, "detecciones": 1, "fecha": "2026-09-19", "fuente": "GFW / Sentinel-1"}}, {"type": "Feature", "geometry": {"type": "Point", "coordinates": [-59.09000015258789, -38.86]}, "properties": {"matched": true, "detecciones": 1, "fecha": "2026-09-27", "fuente": "GFW / Sentinel-1"}}, {"type": "Feature", "geometry": {"type": "Point", "coordinates": [-71.54000091552734, -53.88]}, "properties": {"matched": true, "detecciones": 1, "fecha": "2026-09-30", "fuente": "GFW / Sentinel-1"}}, {"type": "Feature", "geometry": {"type": "Point", "coordinates": [-61.58000183105469, -39.3]}, "properties": {"matched": true, "detecciones": 1, "fecha": "2026-09-14", "fuente": "GFW / Sentinel-1"}}, {"type": "Feature", "geometry": {"type": "Point", "coordinates": [-73.5, -42.76]}, "properties": {"matched": true, "detecciones": 1, "fecha": "2026-09-15", "fuente": "GFW / Sentinel-1"}}, {"type": "Feature", "geometry": {"type": "Point", "coordinates": [-57.5099983215332, -38.01]}, "properties": {"matched": true, "detecciones": 1, "fecha": "2026-10-03", "fuente": "GFW / Sentinel-1"}}, {"type": "Feature", "geometry": {"type": "Point", "coordinates": [-73.12999725341797, -42.54]}, "properties": {"matched": true, "detecciones": 1, "fecha": "2026-09-21", "fuente": "GFW / Sentinel-1"}}, {"type": "Feature", "geometry": {"type": "Point", "coordinates": [-61.52000045776367, -39.3]}, "properties": {"matched": true, "detecciones": 1, "fecha": "2026-09-20", "fuente": "GFW / Sentinel-1"}}, {"type": "Feature", "geometry": {"type": "Point", "coordinates": [-72.9000015258789, -42.63]}, "properties": {"matched": true, "detecciones": 1, "fecha": "2026-09-15", "fuente": "GFW / Sentinel-1"}}, {"type": "Feature", "geometry": {"type": "Point", "coordinates": [-50.400001525878906, -33.75]}, "properties": {"matched": true, "detecciones": 1, "fecha": "2026-09-30", "fuente": "GFW / Sentinel-1"}}, {"type": "Feature", "geometry": {"type": "Point", "coordinates": [-73.06999969482422, -36.68]}, "properties": {"matched": true, "detecciones": 1, "fecha": "2026-09-27", "fuente": "GFW / Sentinel-1"}}, {"type": "Feature", "geometry": {"type": "Point", "coordinates": [-73.29000091552734, -43.53]}, "properties": {"matched": true, "detecciones": 1, "fecha": "2026-09-27", "fuente": "GFW / Sentinel-1"}}, {"type": "Feature", "geometry": {"type": "Point", "coordinates": [-58.630001068115234, -38.65]}, "properties": {"matched": true, "detecciones": 1, "fecha": "2026-09-27", "fuente": "GFW / Sentinel-1"}}, {"type": "Feature", "geometry": {"type": "Point", "coordinates": [-73.20999908447266, -42.41]}, "properties": {"matched": true, "detecciones": 1, "fecha": "2026-09-14", "fuente": "GFW / Sentinel-1"}}, {"type": "Feature", "geometry": {"type": "Point", "coordinates": [-72.04000091552734, -33.29]}, "properties": {"matched": true, "detecciones": 1, "fecha": "2026-09-15", "fuente": "GFW / Sentinel-1"}}, {"type": "Feature", "geometry": {"type": "Point", "coordinates": [-73.48999786376953, -41.82]}, "properties": {"matched": true, "detecciones": 1, "fecha": "2026-09-27", "fuente": "GFW / Sentinel-1"}}, {"type": "Feature", "geometry": {"type": "Point", "coordinates": [-61.88999938964844, -39]}, "properties": {"matched": true, "detecciones": 1, "fecha": "2026-09-14", "fuente": "GFW / Sentinel-1"}}, {"type": "Feature", "geometry": {"type": "Point", "coordinates": [-72.94000244140625, -41.82]}, "properties": {"matched": true, "detecciones": 1, "fecha": "2026-09-26", "fuente": "GFW / Sentinel-1"}}, {"type": "Feature", "geometry": {"type": "Point", "coordinates": [-52.939998626708984, -34.06]}, "properties": {"matched": true, "detecciones": 1, "fecha": "2026-09-11", "fuente": "GFW / Sentinel-1"}}, {"type": "Feature", "geometry": {"type": "Point", "coordinates": [-61.369998931884766, -39.3]}, "properties": {"matched": true, "detecciones": 1, "fecha": "2026-09-14", "fuente": "GFW / Sentinel-1"}}, {"type": "Feature", "geometry": {"type": "Point", "coordinates": [-72.30999755859375, -55.26]}, "properties": {"matched": true, "detecciones": 1, "fecha": "2026-10-06", "fuente": "GFW / Sentinel-1"}}, {"type": "Feature", "geometry": {"type": "Point", "coordinates": [-73.4800033569336, -45.11]}, "properties": {"matched": true, "detecciones": 1, "fecha": "2026-09-24", "fuente": "GFW / Sentinel-1"}}, {"type": "Feature", "geometry": {"type": "Point", "coordinates": [-73.05000305175781, -36.57]}, "properties": {"matched": true, "detecciones": 1, "fecha": "2026-09-20", "fuente": "GFW / Sentinel-1"}}, {"type": "Feature", "geometry": {"type": "Point", "coordinates": [-64.97000122070312, -41.7]}, "properties": {"matched": true, "detecciones": 1, "fecha": "2026-09-30", "fuente": "GFW / Sentinel-1"}}, {"type": "Feature", "geometry": {"type": "Point", "coordinates": [-59.459999084472656, -39.09]}, "properties": {"matched": true, "detecciones": 1, "fecha": "2026-09-27", "fuente": "GFW / Sentinel-1"}}, {"type": "Feature", "geometry": {"type": "Point", "coordinates": [-73.26000213623047, -37.03]}, "properties": {"matched": true, "detecciones": 1, "fecha": "2026-09-20", "fuente": "GFW / Sentinel-1"}}, {"type": "Feature", "geometry": {"type": "Point", "coordinates": [-58.13999938964844, -39.24]}, "properties": {"matched": true, "detecciones": 1, "fecha": "2026-09-27", "fuente": "GFW / Sentinel-1"}}, {"type": "Feature", "geometry": {"type": "Point", "coordinates": [-73.37999725341797, -42.88]}, "properties": {"matched": true, "detecciones": 1, "fecha": "2026-09-27", "fuente": "GFW / Sentinel-1"}}, {"type": "Feature", "geometry": {"type": "Point", "coordinates": [-72.97000122070312, -41.93]}, "properties": {"matched": true, "detecciones": 1, "fecha": "2026-09-26", "fuente": "GFW / Sentinel-1"}}, {"type": "Feature", "geometry": {"type": "Point", "coordinates": [-70.86000061035156, -53.1]}, "properties": {"matched": true, "detecciones": 2, "fecha": "2026-09-24", "fuente": "GFW / Sentinel-1"}}, {"type": "Feature", "geometry": {"type": "Point", "coordinates": [-73.5199966430664, -44.73]}, "properties": {"matched": true, "detecciones": 1, "fecha": "2026-10-03", "fuente": "GFW / Sentinel-1"}}, {"type": "Feature", "geometry": {"type": "Point", "coordinates": [-73.12000274658203, -42.5]}, "properties": {"matched": true, "detecciones": 1, "fecha": "2026-10-02", "fuente": "GFW / Sentinel-1"}}, {"type": "Feature", "geometry": {"type": "Point", "coordinates": [-72.6500015258789, -41.71]}, "properties": {"matched": true, "detecciones": 1, "fecha": "2026-09-19", "fuente": "GFW / Sentinel-1"}}, {"type": "Feature", "geometry": {"type": "Point", "coordinates": [-73.16000366210938, -42.34]}, "properties": {"matched": true, "detecciones": 1, "fecha": "2026-09-09", "fuente": "GFW / Sentinel-1"}}, {"type": "Feature", "geometry": {"type": "Point", "coordinates": [-73.70999908447266, -51.84]}, "properties": {"matched": true, "detecciones": 1, "fecha": "2026-09-29", "fuente": "GFW / Sentinel-1"}}, {"type": "Feature", "geometry": {"type": "Point", "coordinates": [-70.72000122070312, -53.11]}, "properties": {"matched": true, "detecciones": 1, "fecha": "2026-09-12", "fuente": "GFW / Sentinel-1"}}, {"type": "Feature", "geometry": {"type": "Point", "coordinates": [-58.70000076293945, -39.52]}, "properties": {"matched": true, "detecciones": 1, "fecha": "2026-09-15", "fuente": "GFW / Sentinel-1"}}, {"type": "Feature", "geometry": {"type": "Point", "coordinates": [-73.04000091552734, -36.68]}, "properties": {"matched": true, "detecciones": 1, "fecha": "2026-09-20", "fuente": "GFW / Sentinel-1"}}, {"type": "Feature", "geometry": {"type": "Point", "coordinates": [-66.26000213623047, -45.31]}, "properties": {"matched": true, "detecciones": 1, "fecha": "2026-09-25", "fuente": "GFW / Sentinel-1"}}, {"type": "Feature", "geometry": {"type": "Point", "coordinates": [-61.810001373291016, -39.08]}, "properties": {"matched": true, "detecciones": 1, "fecha": "2026-09-20", "fuente": "GFW / Sentinel-1"}}, {"type": "Feature", "geometry": {"type": "Point", "coordinates": [-68.02999877929688, -53.06]}, "properties": {"matched": true, "detecciones": 1, "fecha": "2026-09-19", "fuente": "GFW / Sentinel-1"}}, {"type": "Feature", "geometry": {"type": "Point", "coordinates": [-73.44999694824219, -52.12]}, "properties": {"matched": true, "detecciones": 1, "fecha": "2026-09-12", "fuente": "GFW / Sentinel-1"}}, {"type": "Feature", "geometry": {"type": "Point", "coordinates": [-65.01000213623047, -41.69]}, "properties": {"matched": true, "detecciones": 1, "fecha": "2026-09-18", "fuente": "GFW / Sentinel-1"}}, {"type": "Feature", "geometry": {"type": "Point", "coordinates": [-72.93000030517578, -41.58]}, "properties": {"matched": true, "detecciones": 1, "fecha": "2026-09-21", "fuente": "GFW / Sentinel-1"}}, {"type": "Feature", "geometry": {"type": "Point", "coordinates": [-73.52999877929688, -44.87]}, "properties": {"matched": true, "detecciones": 1, "fecha": "2026-09-27", "fuente": "GFW / Sentinel-1"}}, {"type": "Feature", "geometry": {"type": "Point", "coordinates": [-71.9800033569336, -33.33]}, "properties": {"matched": true, "detecciones": 1, "fecha": "2026-09-20", "fuente": "GFW / Sentinel-1"}}, {"type": "Feature", "geometry": {"type": "Point", "coordinates": [-72.98999786376953, -41.55]}, "properties": {"matched": true, "detecciones": 1, "fecha": "2026-09-14", "fuente": "GFW / Sentinel-1"}}, {"type": "Feature", "geometry": {"type": "Point", "coordinates": [-72.88999938964844, -42.16]}, "properties": {"matched": true, "detecciones": 1, "fecha": "2026-09-21", "fuente": "GFW / Sentinel-1"}}, {"type": "Feature", "geometry": {"type": "Point", "coordinates": [-53.470001220703125, -34.21]}, "properties": {"matched": true, "detecciones": 1, "fecha": "2026-09-11", "fuente": "GFW / Sentinel-1"}}, {"type": "Feature", "geometry": {"type": "Point", "coordinates": [-72.91999816894531, -42.55]}, "properties": {"matched": true, "detecciones": 1, "fecha": "2026-09-09", "fuente": "GFW / Sentinel-1"}}, {"type": "Feature", "geometry": {"type": "Point", "coordinates": [-73.33999633789062, -43.6]}, "properties": {"matched": true, "detecciones": 1, "fecha": "2026-09-27", "fuente": "GFW / Sentinel-1"}}, {"type": "Feature", "geometry": {"type": "Point", "coordinates": [-72.86000061035156, -41.79]}, "properties": {"matched": true, "detecciones": 1, "fecha": "2026-09-15", "fuente": "GFW / Sentinel-1"}}, {"type": "Feature", "geometry": {"type": "Point", "coordinates": [-58.77000045776367, -39.06]}, "properties": {"matched": true, "detecciones": 1, "fecha": "2026-09-15", "fuente": "GFW / Sentinel-1"}}, {"type": "Feature", "geometry": {"type": "Point", "coordinates": [-73.18000030517578, -43.23]}, "properties": {"matched": true, "detecciones": 1, "fecha": "2026-09-09", "fuente": "GFW / Sentinel-1"}}, {"type": "Feature", "geometry": {"type": "Point", "coordinates": [-73.47000122070312, -41.8]}, "properties": {"matched": true, "detecciones": 1, "fecha": "2026-09-15", "fuente": "GFW / Sentinel-1"}}, {"type": "Feature", "geometry": {"type": "Point", "coordinates": [-73.41000366210938, -44.2]}, "properties": {"matched": true, "detecciones": 1, "fecha": "2026-09-15", "fuente": "GFW / Sentinel-1"}}, {"type": "Feature", "geometry": {"type": "Point", "coordinates": [-70.87000274658203, -53.11]}, "properties": {"matched": true, "detecciones": 1, "fecha": "2026-09-24", "fuente": "GFW / Sentinel-1"}}, {"type": "Feature", "geometry": {"type": "Point", "coordinates": [-61.560001373291016, -39.32]}, "properties": {"matched": true, "detecciones": 1, "fecha": "2026-09-26", "fuente": "GFW / Sentinel-1"}}, {"type": "Feature", "geometry": {"type": "Point", "coordinates": [-61.939998626708984, -38.98]}, "properties": {"matched": true, "detecciones": 1, "fecha": "2026-09-14", "fuente": "GFW / Sentinel-1"}}, {"type": "Feature", "geometry": {"type": "Point", "coordinates": [-61.560001373291016, -39.28]}, "properties": {"matched": true, "detecciones": 1, "fecha": "2026-09-20", "fuente": "GFW / Sentinel-1"}}, {"type": "Feature", "geometry": {"type": "Point", "coordinates": [-58.380001068115234, -39.48]}, "properties": {"matched": true, "detecciones": 1, "fecha": "2026-09-15", "fuente": "GFW / Sentinel-1"}}, {"type": "Feature", "geometry": {"type": "Point", "coordinates": [-61.5, -39.29]}, "properties": {"matched": true, "detecciones": 1, "fecha": "2026-09-26", "fuente": "GFW / Sentinel-1"}}, {"type": "Feature", "geometry": {"type": "Point", "coordinates": [-70.9000015258789, -53.73]}, "properties": {"matched": true, "detecciones": 1, "fecha": "2026-09-30", "fuente": "GFW / Sentinel-1"}}, {"type": "Feature", "geometry": {"type": "Point", "coordinates": [-73.23999786376953, -42.26]}, "properties": {"matched": true, "detecciones": 1, "fecha": "2026-09-09", "fuente": "GFW / Sentinel-1"}}, {"type": "Feature", "geometry": {"type": "Point", "coordinates": [-72.3499984741211, -41.63]}, "properties": {"matched": true, "detecciones": 1, "fecha": "2026-09-14", "fuente": "GFW / Sentinel-1"}}, {"type": "Feature", "geometry": {"type": "Point", "coordinates": [-72.8499984741211, -41.8]}, "properties": {"matched": true, "detecciones": 1, "fecha": "2026-09-14", "fuente": "GFW / Sentinel-1"}}, {"type": "Feature", "geometry": {"type": "Point", "coordinates": [-66.55999755859375, -45.41]}, "properties": {"matched": true, "detecciones": 1, "fecha": "2026-09-28", "fuente": "GFW / Sentinel-1"}}, {"type": "Feature", "geometry": {"type": "Point", "coordinates": [-53.31999969482422, -34.34]}, "properties": {"matched": true, "detecciones": 1, "fecha": "2026-09-23", "fuente": "GFW / Sentinel-1"}}, {"type": "Feature", "geometry": {"type": "Point", "coordinates": [-73.66000366210938, -43.51]}, "properties": {"matched": true, "detecciones": 1, "fecha": "2026-09-15", "fuente": "GFW / Sentinel-1"}}, {"type": "Feature", "geometry": {"type": "Point", "coordinates": [-73.55000305175781, -44.92]}, "properties": {"matched": true, "detecciones": 1, "fecha": "2026-09-19", "fuente": "GFW / Sentinel-1"}}, {"type": "Feature", "geometry": {"type": "Point", "coordinates": [-72.97000122070312, -41.52]}, "properties": {"matched": true, "detecciones": 1, "fecha": "2026-09-21", "fuente": "GFW / Sentinel-1"}}, {"type": "Feature", "geometry": {"type": "Point", "coordinates": [-72.91000366210938, -41.56]}, "properties": {"matched": true, "detecciones": 1, "fecha": "2026-10-02", "fuente": "GFW / Sentinel-1"}}, {"type": "Feature", "geometry": {"type": "Point", "coordinates": [-51.439998626708984, -33.13]}, "properties": {"matched": true, "detecciones": 1, "fecha": "2026-09-18", "fuente": "GFW / Sentinel-1"}}, {"type": "Feature", "geometry": {"type": "Point", "coordinates": [-73.37999725341797, -43.62]}, "properties": {"matched": true, "detecciones": 1, "fecha": "2026-09-15", "fuente": "GFW / Sentinel-1"}}, {"type": "Feature", "geometry": {"type": "Point", "coordinates": [-70.8499984741211, -53.16]}, "properties": {"matched": true, "detecciones": 1, "fecha": "2026-10-06", "fuente": "GFW / Sentinel-1"}}, {"type": "Feature", "geometry": {"type": "Point", "coordinates": [-71.68000030517578, -33.61]}, "properties": {"matched": true, "detecciones": 1, "fecha": "2026-09-20", "fuente": "GFW / Sentinel-1"}}, {"type": "Feature", "geometry": {"type": "Point", "coordinates": [-52.72999954223633, -33.89]}, "properties": {"matched": true, "detecciones": 1, "fecha": "2026-09-23", "fuente": "GFW / Sentinel-1"}}, {"type": "Feature", "geometry": {"type": "Point", "coordinates": [-73.05999755859375, -36.54]}, "properties": {"matched": true, "detecciones": 1, "fecha": "2026-10-02", "fuente": "GFW / Sentinel-1"}}, {"type": "Feature", "geometry": {"type": "Point", "coordinates": [-73.37000274658203, -43.43]}, "properties": {"matched": true, "detecciones": 1, "fecha": "2026-09-21", "fuente": "GFW / Sentinel-1"}}, {"type": "Feature", "geometry": {"type": "Point", "coordinates": [-63.880001068115234, -42.89]}, "properties": {"matched": true, "detecciones": 1, "fecha": "2026-09-13", "fuente": "GFW / Sentinel-1"}}, {"type": "Feature", "geometry": {"type": "Point", "coordinates": [-64.9800033569336, -41.71]}, "properties": {"matched": true, "detecciones": 1, "fecha": "2026-09-30", "fuente": "GFW / Sentinel-1"}}, {"type": "Feature", "geometry": {"type": "Point", "coordinates": [-73.23999786376953, -53.27]}, "properties": {"matched": true, "detecciones": 1, "fecha": "2026-09-12", "fuente": "GFW / Sentinel-1"}}, {"type": "Feature", "geometry": {"type": "Point", "coordinates": [-73.12000274658203, -42.51]}, "properties": {"matched": true, "detecciones": 1, "fecha": "2026-09-09", "fuente": "GFW / Sentinel-1"}}, {"type": "Feature", "geometry": {"type": "Point", "coordinates": [-52.220001220703125, -33.95]}, "properties": {"matched": true, "detecciones": 1, "fecha": "2026-10-05", "fuente": "GFW / Sentinel-1"}}, {"type": "Feature", "geometry": {"type": "Point", "coordinates": [-73.5, -44.72]}, "properties": {"matched": true, "detecciones": 1, "fecha": "2026-09-19", "fuente": "GFW / Sentinel-1"}}, {"type": "Feature", "geometry": {"type": "Point", "coordinates": [-67.27999877929688, -45.74]}, "properties": {"matched": true, "detecciones": 1, "fecha": "2026-09-18", "fuente": "GFW / Sentinel-1"}}, {"type": "Feature", "geometry": {"type": "Point", "coordinates": [-70.87999725341797, -53.17]}, "properties": {"matched": true, "detecciones": 1, "fecha": "2026-09-24", "fuente": "GFW / Sentinel-1"}}, {"type": "Feature", "geometry": {"type": "Point", "coordinates": [-73.75, -43.51]}, "properties": {"matched": true, "detecciones": 1, "fecha": "2026-09-09", "fuente": "GFW / Sentinel-1"}}, {"type": "Feature", "geometry": {"type": "Point", "coordinates": [-60.54999923706055, -39.36]}, "properties": {"matched": true, "detecciones": 1, "fecha": "2026-09-20", "fuente": "GFW / Sentinel-1"}}, {"type": "Feature", "geometry": {"type": "Point", "coordinates": [-73.37999725341797, -45.06]}, "properties": {"matched": true, "detecciones": 1, "fecha": "2026-09-12", "fuente": "GFW / Sentinel-1"}}, {"type": "Feature", "geometry": {"type": "Point", "coordinates": [-73.44000244140625, -44.38]}, "properties": {"matched": true, "detecciones": 1, "fecha": "2026-09-19", "fuente": "GFW / Sentinel-1"}}, {"type": "Feature", "geometry": {"type": "Point", "coordinates": [-58.790000915527344, -39.3]}, "properties": {"matched": true, "detecciones": 1, "fecha": "2026-09-09", "fuente": "GFW / Sentinel-1"}}, {"type": "Feature", "geometry": {"type": "Point", "coordinates": [-67.5, -46.44]}, "properties": {"matched": true, "detecciones": 1, "fecha": "2026-09-13", "fuente": "GFW / Sentinel-1"}}, {"type": "Feature", "geometry": {"type": "Point", "coordinates": [-73.48999786376953, -43.16]}, "properties": {"matched": true, "detecciones": 1, "fecha": "2026-09-09", "fuente": "GFW / Sentinel-1"}}, {"type": "Feature", "geometry": {"type": "Point", "coordinates": [-73.05999755859375, -36.71]}, "properties": {"matched": true, "detecciones": 1, "fecha": "2026-09-27", "fuente": "GFW / Sentinel-1"}}, {"type": "Feature", "geometry": {"type": "Point", "coordinates": [-73.06999969482422, -42.41]}, "properties": {"matched": true, "detecciones": 1, "fecha": "2026-09-14", "fuente": "GFW / Sentinel-1"}}, {"type": "Feature", "geometry": {"type": "Point", "coordinates": [-73.04000091552734, -36.67]}, "properties": {"matched": true, "detecciones": 1, "fecha": "2026-09-27", "fuente": "GFW / Sentinel-1"}}, {"type": "Feature", "geometry": {"type": "Point", "coordinates": [-61.040000915527344, -40.36]}, "properties": {"matched": true, "detecciones": 1, "fecha": "2026-09-20", "fuente": "GFW / Sentinel-1"}}, {"type": "Feature", "geometry": {"type": "Point", "coordinates": [-73.44000244140625, -44.33]}, "properties": {"matched": true, "detecciones": 1, "fecha": "2026-09-15", "fuente": "GFW / Sentinel-1"}}, {"type": "Feature", "geometry": {"type": "Point", "coordinates": [-73.22000122070312, -42.38]}, "properties": {"matched": true, "detecciones": 1, "fecha": "2026-09-09", "fuente": "GFW / Sentinel-1"}}, {"type": "Feature", "geometry": {"type": "Point", "coordinates": [-71.68000030517578, -33.62]}, "properties": {"matched": true, "detecciones": 1, "fecha": "2026-09-20", "fuente": "GFW / Sentinel-1"}}, {"type": "Feature", "geometry": {"type": "Point", "coordinates": [-73.12000274658203, -42.05]}, "properties": {"matched": true, "detecciones": 1, "fecha": "2026-09-14", "fuente": "GFW / Sentinel-1"}}, {"type": "Feature", "geometry": {"type": "Point", "coordinates": [-73.41000366210938, -43.66]}, "properties": {"matched": true, "detecciones": 1, "fecha": "2026-09-09", "fuente": "GFW / Sentinel-1"}}, {"type": "Feature", "geometry": {"type": "Point", "coordinates": [-61.5099983215332, -39.3]}, "properties": {"matched": true, "detecciones": 1, "fecha": "2026-09-14", "fuente": "GFW / Sentinel-1"}}, {"type": "Feature", "geometry": {"type": "Point", "coordinates": [-57.880001068115234, -39.25]}, "properties": {"matched": true, "detecciones": 1, "fecha": "2026-09-09", "fuente": "GFW / Sentinel-1"}}, {"type": "Feature", "geometry": {"type": "Point", "coordinates": [-61.90999984741211, -40.64]}, "properties": {"matched": true, "detecciones": 1, "fecha": "2026-09-20", "fuente": "GFW / Sentinel-1"}}, {"type": "Feature", "geometry": {"type": "Point", "coordinates": [-65.12000274658203, -41.11]}, "properties": {"matched": true, "detecciones": 1, "fecha": "2026-09-18", "fuente": "GFW / Sentinel-1"}}, {"type": "Feature", "geometry": {"type": "Point", "coordinates": [-73.38999938964844, -44]}, "properties": {"matched": true, "detecciones": 1, "fecha": "2026-09-09", "fuente": "GFW / Sentinel-1"}}, {"type": "Feature", "geometry": {"type": "Point", "coordinates": [-70.8499984741211, -53.11]}, "properties": {"matched": true, "detecciones": 1, "fecha": "2026-09-12", "fuente": "GFW / Sentinel-1"}}, {"type": "Feature", "geometry": {"type": "Point", "coordinates": [-73.48999786376953, -41.82]}, "properties": {"matched": true, "detecciones": 1, "fecha": "2026-09-19", "fuente": "GFW / Sentinel-1"}}, {"type": "Feature", "geometry": {"type": "Point", "coordinates": [-52.029998779296875, -33.52]}, "properties": {"matched": true, "detecciones": 1, "fecha": "2026-09-18", "fuente": "GFW / Sentinel-1"}}, {"type": "Feature", "geometry": {"type": "Point", "coordinates": [-72.70999908447266, -44.61]}, "properties": {"matched": true, "detecciones": 1, "fecha": "2026-09-27", "fuente": "GFW / Sentinel-1"}}, {"type": "Feature", "geometry": {"type": "Point", "coordinates": [-69.91000366210938, -54.87]}, "properties": {"matched": true, "detecciones": 1, "fecha": "2026-10-06", "fuente": "GFW / Sentinel-1"}}, {"type": "Feature", "geometry": {"type": "Point", "coordinates": [-67.6500015258789, -52.94]}, "properties": {"matched": true, "detecciones": 1, "fecha": "2026-09-19", "fuente": "GFW / Sentinel-1"}}, {"type": "Feature", "geometry": {"type": "Point", "coordinates": [-73.43000030517578, -44.27]}, "properties": {"matched": true, "detecciones": 1, "fecha": "2026-09-15", "fuente": "GFW / Sentinel-1"}}, {"type": "Feature", "geometry": {"type": "Point", "coordinates": [-58.56999969482422, -38.61]}, "properties": {"matched": true, "detecciones": 1, "fecha": "2026-09-27", "fuente": "GFW / Sentinel-1"}}, {"type": "Feature", "geometry": {"type": "Point", "coordinates": [-73.29000091552734, -42.15]}, "properties": {"matched": true, "detecciones": 1, "fecha": "2026-10-02", "fuente": "GFW / Sentinel-1"}}, {"type": "Feature", "geometry": {"type": "Point", "coordinates": [-73.19999694824219, -53.27]}, "properties": {"matched": true, "detecciones": 1, "fecha": "2026-09-24", "fuente": "GFW / Sentinel-1"}}, {"type": "Feature", "geometry": {"type": "Point", "coordinates": [-52.59000015258789, -33.91]}, "properties": {"matched": true, "detecciones": 1, "fecha": "2026-09-23", "fuente": "GFW / Sentinel-1"}}, {"type": "Feature", "geometry": {"type": "Point", "coordinates": [-61.58000183105469, -39.29]}, "properties": {"matched": true, "detecciones": 1, "fecha": "2026-09-20", "fuente": "GFW / Sentinel-1"}}, {"type": "Feature", "geometry": {"type": "Point", "coordinates": [-72.69000244140625, -33.39]}, "properties": {"matched": true, "detecciones": 1, "fecha": "2026-09-27", "fuente": "GFW / Sentinel-1"}}, {"type": "Feature", "geometry": {"type": "Point", "coordinates": [-73.68000030517578, -43.54]}, "properties": {"matched": true, "detecciones": 1, "fecha": "2026-09-15", "fuente": "GFW / Sentinel-1"}}, {"type": "Feature", "geometry": {"type": "Point", "coordinates": [-60.22999954223633, -39.43]}, "properties": {"matched": true, "detecciones": 1, "fecha": "2026-09-20", "fuente": "GFW / Sentinel-1"}}, {"type": "Feature", "geometry": {"type": "Point", "coordinates": [-65.12000274658203, -41.12]}, "properties": {"matched": true, "detecciones": 1, "fecha": "2026-09-30", "fuente": "GFW / Sentinel-1"}}, {"type": "Feature", "geometry": {"type": "Point", "coordinates": [-73.54000091552734, -43.14]}, "properties": {"matched": true, "detecciones": 1, "fecha": "2026-09-21", "fuente": "GFW / Sentinel-1"}}, {"type": "Feature", "geometry": {"type": "Point", "coordinates": [-60.22999954223633, -39.18]}, "properties": {"matched": true, "detecciones": 1, "fecha": "2026-10-03", "fuente": "GFW / Sentinel-1"}}, {"type": "Feature", "geometry": {"type": "Point", "coordinates": [-73.23999786376953, -43.02]}, "properties": {"matched": true, "detecciones": 1, "fecha": "2026-09-21", "fuente": "GFW / Sentinel-1"}}, {"type": "Feature", "geometry": {"type": "Point", "coordinates": [-73.27999877929688, -43.01]}, "properties": {"matched": true, "detecciones": 1, "fecha": "2026-09-21", "fuente": "GFW / Sentinel-1"}}, {"type": "Feature", "geometry": {"type": "Point", "coordinates": [-66.76000213623047, -45.76]}, "properties": {"matched": true, "detecciones": 1, "fecha": "2026-09-13", "fuente": "GFW / Sentinel-1"}}, {"type": "Feature", "geometry": {"type": "Point", "coordinates": [-61.88999938964844, -38.99]}, "properties": {"matched": true, "detecciones": 1, "fecha": "2026-09-14", "fuente": "GFW / Sentinel-1"}}, {"type": "Feature", "geometry": {"type": "Point", "coordinates": [-73, -42.14]}, "properties": {"matched": true, "detecciones": 1, "fecha": "2026-10-02", "fuente": "GFW / Sentinel-1"}}, {"type": "Feature", "geometry": {"type": "Point", "coordinates": [-72.93000030517578, -41.5]}, "properties": {"matched": true, "detecciones": 1, "fecha": "2026-10-02", "fuente": "GFW / Sentinel-1"}}, {"type": "Feature", "geometry": {"type": "Point", "coordinates": [-60.04999923706055, -39.26]}, "properties": {"matched": true, "detecciones": 1, "fecha": "2026-09-09", "fuente": "GFW / Sentinel-1"}}, {"type": "Feature", "geometry": {"type": "Point", "coordinates": [-72.88999938964844, -41.75]}, "properties": {"matched": true, "detecciones": 1, "fecha": "2026-09-27", "fuente": "GFW / Sentinel-1"}}, {"type": "Feature", "geometry": {"type": "Point", "coordinates": [-69.08999633789062, -52.37]}, "properties": {"matched": true, "detecciones": 1, "fecha": "2026-09-24", "fuente": "GFW / Sentinel-1"}}, {"type": "Feature", "geometry": {"type": "Point", "coordinates": [-73.61000061035156, -46.31]}, "properties": {"matched": true, "detecciones": 1, "fecha": "2026-09-27", "fuente": "GFW / Sentinel-1"}}, {"type": "Feature", "geometry": {"type": "Point", "coordinates": [-73.5, -41.81]}, "properties": {"matched": true, "detecciones": 1, "fecha": "2026-10-02", "fuente": "GFW / Sentinel-1"}}, {"type": "Feature", "geometry": {"type": "Point", "coordinates": [-70.87000274658203, -53.1]}, "properties": {"matched": true, "detecciones": 1, "fecha": "2026-09-24", "fuente": "GFW / Sentinel-1"}}, {"type": "Feature", "geometry": {"type": "Point", "coordinates": [-61.88999938964844, -39.03]}, "properties": {"matched": true, "detecciones": 1, "fecha": "2026-09-25", "fuente": "GFW / Sentinel-1"}}, {"type": "Feature", "geometry": {"type": "Point", "coordinates": [-58.65999984741211, -38.6]}, "properties": {"matched": true, "detecciones": 1, "fecha": "2026-09-27", "fuente": "GFW / Sentinel-1"}}, {"type": "Feature", "geometry": {"type": "Point", "coordinates": [-59.5099983215332, -39.21]}, "properties": {"matched": true, "detecciones": 1, "fecha": "2026-09-27", "fuente": "GFW / Sentinel-1"}}, {"type": "Feature", "geometry": {"type": "Point", "coordinates": [-65.45999908447266, -47.1]}, "properties": {"matched": true, "detecciones": 1, "fecha": "2026-09-13", "fuente": "GFW / Sentinel-1"}}, {"type": "Feature", "geometry": {"type": "Point", "coordinates": [-72.7699966430664, -42.4]}, "properties": {"matched": true, "detecciones": 1, "fecha": "2026-10-02", "fuente": "GFW / Sentinel-1"}}, {"type": "Feature", "geometry": {"type": "Point", "coordinates": [-64.91999816894531, -40.85]}, "properties": {"matched": true, "detecciones": 1, "fecha": "2026-09-18", "fuente": "GFW / Sentinel-1"}}, {"type": "Feature", "geometry": {"type": "Point", "coordinates": [-72.52999877929688, -33.53]}, "properties": {"matched": true, "detecciones": 1, "fecha": "2026-09-20", "fuente": "GFW / Sentinel-1"}}, {"type": "Feature", "geometry": {"type": "Point", "coordinates": [-72.87999725341797, -42.55]}, "properties": {"matched": true, "detecciones": 1, "fecha": "2026-10-03", "fuente": "GFW / Sentinel-1"}}, {"type": "Feature", "geometry": {"type": "Point", "coordinates": [-72.9000015258789, -43]}, "properties": {"matched": true, "detecciones": 1, "fecha": "2026-09-15", "fuente": "GFW / Sentinel-1"}}, {"type": "Feature", "geometry": {"type": "Point", "coordinates": [-73.23999786376953, -41.97]}, "properties": {"matched": true, "detecciones": 1, "fecha": "2026-09-20", "fuente": "GFW / Sentinel-1"}}, {"type": "Feature", "geometry": {"type": "Point", "coordinates": [-73.45999908447266, -41.81]}, "properties": {"matched": true, "detecciones": 1, "fecha": "2026-09-20", "fuente": "GFW / Sentinel-1"}}, {"type": "Feature", "geometry": {"type": "Point", "coordinates": [-65.11000061035156, -41.12]}, "properties": {"matched": true, "detecciones": 1, "fecha": "2026-09-18", "fuente": "GFW / Sentinel-1"}}, {"type": "Feature", "geometry": {"type": "Point", "coordinates": [-72.95999908447266, -44.33]}, "properties": {"matched": true, "detecciones": 1, "fecha": "2026-10-03", "fuente": "GFW / Sentinel-1"}}, {"type": "Feature", "geometry": {"type": "Point", "coordinates": [-73.69000244140625, -43.79]}, "properties": {"matched": true, "detecciones": 1, "fecha": "2026-10-03", "fuente": "GFW / Sentinel-1"}}, {"type": "Feature", "geometry": {"type": "Point", "coordinates": [-73.5999984741211, -43.15]}, "properties": {"matched": true, "detecciones": 1, "fecha": "2026-10-03", "fuente": "GFW / Sentinel-1"}}, {"type": "Feature", "geometry": {"type": "Point", "coordinates": [-70.86000061035156, -53.1]}, "properties": {"matched": true, "detecciones": 1, "fecha": "2026-09-12", "fuente": "GFW / Sentinel-1"}}, {"type": "Feature", "geometry": {"type": "Point", "coordinates": [-58.7599983215332, -38.97]}, "properties": {"matched": true, "detecciones": 1, "fecha": "2026-09-21", "fuente": "GFW / Sentinel-1"}}, {"type": "Feature", "geometry": {"type": "Point", "coordinates": [-73.33000183105469, -42.81]}, "properties": {"matched": true, "detecciones": 1, "fecha": "2026-09-19", "fuente": "GFW / Sentinel-1"}}, {"type": "Feature", "geometry": {"type": "Point", "coordinates": [-73.0999984741211, -35.77]}, "properties": {"matched": true, "detecciones": 1, "fecha": "2026-09-15", "fuente": "GFW / Sentinel-1"}}, {"type": "Feature", "geometry": {"type": "Point", "coordinates": [-73.01000213623047, -42.26]}, "properties": {"matched": true, "detecciones": 1, "fecha": "2026-09-26", "fuente": "GFW / Sentinel-1"}}, {"type": "Feature", "geometry": {"type": "Point", "coordinates": [-73.47000122070312, -44.54]}, "properties": {"matched": true, "detecciones": 1, "fecha": "2026-09-21", "fuente": "GFW / Sentinel-1"}}, {"type": "Feature", "geometry": {"type": "Point", "coordinates": [-73.30000305175781, -43.7]}, "properties": {"matched": true, "detecciones": 1, "fecha": "2026-09-21", "fuente": "GFW / Sentinel-1"}}, {"type": "Feature", "geometry": {"type": "Point", "coordinates": [-73.5, -44.79]}, "properties": {"matched": true, "detecciones": 1, "fecha": "2026-10-03", "fuente": "GFW / Sentinel-1"}}, {"type": "Feature", "geometry": {"type": "Point", "coordinates": [-73.5199966430664, -44.74]}, "properties": {"matched": true, "detecciones": 1, "fecha": "2026-09-09", "fuente": "GFW / Sentinel-1"}}, {"type": "Feature", "geometry": {"type": "Point", "coordinates": [-61.560001373291016, -39.31]}, "properties": {"matched": true, "detecciones": 1, "fecha": "2026-09-14", "fuente": "GFW / Sentinel-1"}}, {"type": "Feature", "geometry": {"type": "Point", "coordinates": [-58.0099983215332, -39.13]}, "properties": {"matched": true, "detecciones": 1, "fecha": "2026-09-09", "fuente": "GFW / Sentinel-1"}}, {"type": "Feature", "geometry": {"type": "Point", "coordinates": [-73.44000244140625, -44.3]}, "properties": {"matched": true, "detecciones": 1, "fecha": "2026-10-03", "fuente": "GFW / Sentinel-1"}}, {"type": "Feature", "geometry": {"type": "Point", "coordinates": [-61.560001373291016, -39.32]}, "properties": {"matched": true, "detecciones": 1, "fecha": "2026-09-20", "fuente": "GFW / Sentinel-1"}}, {"type": "Feature", "geometry": {"type": "Point", "coordinates": [-58.20000076293945, -39.52]}, "properties": {"matched": true, "detecciones": 1, "fecha": "2026-09-21", "fuente": "GFW / Sentinel-1"}}, {"type": "Feature", "geometry": {"type": "Point", "coordinates": [-61.540000915527344, -39.28]}, "properties": {"matched": true, "detecciones": 1, "fecha": "2026-09-20", "fuente": "GFW / Sentinel-1"}}, {"type": "Feature", "geometry": {"type": "Point", "coordinates": [-59.34000015258789, -39.63]}, "properties": {"matched": true, "detecciones": 1, "fecha": "2026-09-27", "fuente": "GFW / Sentinel-1"}}, {"type": "Feature", "geometry": {"type": "Point", "coordinates": [-62.189998626708984, -38.89]}, "properties": {"matched": true, "detecciones": 1, "fecha": "2026-09-14", "fuente": "GFW / Sentinel-1"}}, {"type": "Feature", "geometry": {"type": "Point", "coordinates": [-73.20999908447266, -43.77]}, "properties": {"matched": true, "detecciones": 1, "fecha": "2026-09-21", "fuente": "GFW / Sentinel-1"}}, {"type": "Feature", "geometry": {"type": "Point", "coordinates": [-66.93000030517578, -45.73]}, "properties": {"matched": true, "detecciones": 1, "fecha": "2026-09-18", "fuente": "GFW / Sentinel-1"}}, {"type": "Feature", "geometry": {"type": "Point", "coordinates": [-72.95999908447266, -53.39]}, "properties": {"matched": true, "detecciones": 1, "fecha": "2026-09-17", "fuente": "GFW / Sentinel-1"}}, {"type": "Feature", "geometry": {"type": "Point", "coordinates": [-73.41000366210938, -42.8]}, "properties": {"matched": true, "detecciones": 1, "fecha": "2026-09-27", "fuente": "GFW / Sentinel-1"}}, {"type": "Feature", "geometry": {"type": "Point", "coordinates": [-51.43000030517578, -33.16]}, "properties": {"matched": true, "detecciones": 1, "fecha": "2026-09-30", "fuente": "GFW / Sentinel-1"}}, {"type": "Feature", "geometry": {"type": "Point", "coordinates": [-72.83000183105469, -42.26]}, "properties": {"matched": true, "detecciones": 1, "fecha": "2026-09-15", "fuente": "GFW / Sentinel-1"}}, {"type": "Feature", "geometry": {"type": "Point", "coordinates": [-73.4800033569336, -43.57]}, "properties": {"matched": true, "detecciones": 1, "fecha": "2026-09-19", "fuente": "GFW / Sentinel-1"}}, {"type": "Feature", "geometry": {"type": "Point", "coordinates": [-73.26000213623047, -42.05]}, "properties": {"matched": true, "detecciones": 1, "fecha": "2026-09-26", "fuente": "GFW / Sentinel-1"}}, {"type": "Feature", "geometry": {"type": "Point", "coordinates": [-73.33000183105469, -37.02]}, "properties": {"matched": true, "detecciones": 1, "fecha": "2026-09-20", "fuente": "GFW / Sentinel-1"}}, {"type": "Feature", "geometry": {"type": "Point", "coordinates": [-73.16000366210938, -36.74]}, "properties": {"matched": true, "detecciones": 1, "fecha": "2026-10-02", "fuente": "GFW / Sentinel-1"}}, {"type": "Feature", "geometry": {"type": "Point", "coordinates": [-73.54000091552734, -43.24]}, "properties": {"matched": true, "detecciones": 1, "fecha": "2026-10-03", "fuente": "GFW / Sentinel-1"}}, {"type": "Feature", "geometry": {"type": "Point", "coordinates": [-71.68000030517578, -33.6]}, "properties": {"matched": true, "detecciones": 1, "fecha": "2026-09-15", "fuente": "GFW / Sentinel-1"}}, {"type": "Feature", "geometry": {"type": "Point", "coordinates": [-72.8499984741211, -51.91]}, "properties": {"matched": true, "detecciones": 1, "fecha": "2026-10-06", "fuente": "GFW / Sentinel-1"}}, {"type": "Feature", "geometry": {"type": "Point", "coordinates": [-53.5, -34.57]}, "properties": {"matched": true, "detecciones": 1, "fecha": "2026-09-23", "fuente": "GFW / Sentinel-1"}}, {"type": "Feature", "geometry": {"type": "Point", "coordinates": [-64.95999908447266, -41.67]}, "properties": {"matched": true, "detecciones": 1, "fecha": "2026-09-13", "fuente": "GFW / Sentinel-1"}}, {"type": "Feature", "geometry": {"type": "Point", "coordinates": [-64.9800033569336, -41.68]}, "properties": {"matched": true, "detecciones": 1, "fecha": "2026-09-18", "fuente": "GFW / Sentinel-1"}}, {"type": "Feature", "geometry": {"type": "Point", "coordinates": [-73.5, -43.49]}, "properties": {"matched": true, "detecciones": 1, "fecha": "2026-09-27", "fuente": "GFW / Sentinel-1"}}, {"type": "Feature", "geometry": {"type": "Point", "coordinates": [-73.75, -43.97]}, "properties": {"matched": true, "detecciones": 1, "fecha": "2026-10-03", "fuente": "GFW / Sentinel-1"}}, {"type": "Feature", "geometry": {"type": "Point", "coordinates": [-58.66999816894531, -39.35]}, "properties": {"matched": true, "detecciones": 1, "fecha": "2026-09-27", "fuente": "GFW / Sentinel-1"}}, {"type": "Feature", "geometry": {"type": "Point", "coordinates": [-73.08999633789062, -43.85]}, "properties": {"matched": true, "detecciones": 1, "fecha": "2026-09-19", "fuente": "GFW / Sentinel-1"}}, {"type": "Feature", "geometry": {"type": "Point", "coordinates": [-73.37000274658203, -42.6]}, "properties": {"matched": true, "detecciones": 1, "fecha": "2026-09-09", "fuente": "GFW / Sentinel-1"}}, {"type": "Feature", "geometry": {"type": "Point", "coordinates": [-71.18000030517578, -53.9]}, "properties": {"matched": true, "detecciones": 1, "fecha": "2026-09-18", "fuente": "GFW / Sentinel-1"}}, {"type": "Feature", "geometry": {"type": "Point", "coordinates": [-58.0099983215332, -38.64]}, "properties": {"matched": true, "detecciones": 1, "fecha": "2026-10-03", "fuente": "GFW / Sentinel-1"}}, {"type": "Feature", "geometry": {"type": "Point", "coordinates": [-72.79000091552734, -35.57]}, "properties": {"matched": true, "detecciones": 1, "fecha": "2026-09-20", "fuente": "GFW / Sentinel-1"}}, {"type": "Feature", "geometry": {"type": "Point", "coordinates": [-72.88999938964844, -41.79]}, "properties": {"matched": true, "detecciones": 1, "fecha": "2026-09-09", "fuente": "GFW / Sentinel-1"}}, {"type": "Feature", "geometry": {"type": "Point", "coordinates": [-65.5999984741211, -46.92]}, "properties": {"matched": true, "detecciones": 1, "fecha": "2026-09-13", "fuente": "GFW / Sentinel-1"}}, {"type": "Feature", "geometry": {"type": "Point", "coordinates": [-73.05000305175781, -36.38]}, "properties": {"matched": true, "detecciones": 1, "fecha": "2026-09-20", "fuente": "GFW / Sentinel-1"}}, {"type": "Feature", "geometry": {"type": "Point", "coordinates": [-73.58999633789062, -36.31]}, "properties": {"matched": true, "detecciones": 1, "fecha": "2026-09-20", "fuente": "GFW / Sentinel-1"}}, {"type": "Feature", "geometry": {"type": "Point", "coordinates": [-73.12999725341797, -36.56]}, "properties": {"matched": true, "detecciones": 1, "fecha": "2026-09-20", "fuente": "GFW / Sentinel-1"}}, {"type": "Feature", "geometry": {"type": "Point", "coordinates": [-73.31999969482422, -36.99]}, "properties": {"matched": true, "detecciones": 1, "fecha": "2026-09-20", "fuente": "GFW / Sentinel-1"}}, {"type": "Feature", "geometry": {"type": "Point", "coordinates": [-73.66000366210938, -45.31]}, "properties": {"matched": true, "detecciones": 1, "fecha": "2026-09-27", "fuente": "GFW / Sentinel-1"}}, {"type": "Feature", "geometry": {"type": "Point", "coordinates": [-72.72000122070312, -34.9]}, "properties": {"matched": true, "detecciones": 1, "fecha": "2026-10-02", "fuente": "GFW / Sentinel-1"}}, {"type": "Feature", "geometry": {"type": "Point", "coordinates": [-70.87000274658203, -53.11]}, "properties": {"matched": true, "detecciones": 1, "fecha": "2026-10-06", "fuente": "GFW / Sentinel-1"}}, {"type": "Feature", "geometry": {"type": "Point", "coordinates": [-73.58000183105469, -45.74]}, "properties": {"matched": true, "detecciones": 1, "fecha": "2026-09-15", "fuente": "GFW / Sentinel-1"}}, {"type": "Feature", "geometry": {"type": "Point", "coordinates": [-73.44000244140625, -43.16]}, "properties": {"matched": true, "detecciones": 1, "fecha": "2026-09-09", "fuente": "GFW / Sentinel-1"}}, {"type": "Feature", "geometry": {"type": "Point", "coordinates": [-67.11000061035156, -45.8]}, "properties": {"matched": true, "detecciones": 1, "fecha": "2026-09-18", "fuente": "GFW / Sentinel-1"}}, {"type": "Feature", "geometry": {"type": "Point", "coordinates": [-73.18000030517578, -42.65]}, "properties": {"matched": true, "detecciones": 1, "fecha": "2026-09-15", "fuente": "GFW / Sentinel-1"}}, {"type": "Feature", "geometry": {"type": "Point", "coordinates": [-73.08000183105469, -45.36]}, "properties": {"matched": true, "detecciones": 1, "fecha": "2026-09-27", "fuente": "GFW / Sentinel-1"}}, {"type": "Feature", "geometry": {"type": "Point", "coordinates": [-62.16999816894531, -38.9]}, "properties": {"matched": true, "detecciones": 1, "fecha": "2026-09-14", "fuente": "GFW / Sentinel-1"}}, {"type": "Feature", "geometry": {"type": "Point", "coordinates": [-71.66000366210938, -33.61]}, "properties": {"matched": true, "detecciones": 1, "fecha": "2026-09-28", "fuente": "GFW / Sentinel-1"}}, {"type": "Feature", "geometry": {"type": "Point", "coordinates": [-73.05999755859375, -36.67]}, "properties": {"matched": true, "detecciones": 1, "fecha": "2026-09-15", "fuente": "GFW / Sentinel-1"}}, {"type": "Feature", "geometry": {"type": "Point", "coordinates": [-72.9000015258789, -42.04]}, "properties": {"matched": true, "detecciones": 1, "fecha": "2026-09-21", "fuente": "GFW / Sentinel-1"}}, {"type": "Feature", "geometry": {"type": "Point", "coordinates": [-72.94000244140625, -41.82]}, "properties": {"matched": true, "detecciones": 1, "fecha": "2026-09-27", "fuente": "GFW / Sentinel-1"}}, {"type": "Feature", "geometry": {"type": "Point", "coordinates": [-73.62999725341797, -45.08]}, "properties": {"matched": true, "detecciones": 1, "fecha": "2026-09-27", "fuente": "GFW / Sentinel-1"}}, {"type": "Feature", "geometry": {"type": "Point", "coordinates": [-73.5, -43.28]}, "properties": {"matched": true, "detecciones": 1, "fecha": "2026-09-27", "fuente": "GFW / Sentinel-1"}}, {"type": "Feature", "geometry": {"type": "Point", "coordinates": [-72.97000122070312, -36.63]}, "properties": {"matched": true, "detecciones": 2, "fecha": "2026-09-20", "fuente": "GFW / Sentinel-1"}}, {"type": "Feature", "geometry": {"type": "Point", "coordinates": [-51.43000030517578, -33.36]}, "properties": {"matched": true, "detecciones": 1, "fecha": "2026-09-30", "fuente": "GFW / Sentinel-1"}}, {"type": "Feature", "geometry": {"type": "Point", "coordinates": [-72.9800033569336, -42.04]}, "properties": {"matched": true, "detecciones": 1, "fecha": "2026-10-02", "fuente": "GFW / Sentinel-1"}}, {"type": "Feature", "geometry": {"type": "Point", "coordinates": [-61.560001373291016, -39.29]}, "properties": {"matched": true, "detecciones": 1, "fecha": "2026-09-20", "fuente": "GFW / Sentinel-1"}}, {"type": "Feature", "geometry": {"type": "Point", "coordinates": [-73.19999694824219, -41.81]}, "properties": {"matched": true, "detecciones": 1, "fecha": "2026-10-03", "fuente": "GFW / Sentinel-1"}}, {"type": "Feature", "geometry": {"type": "Point", "coordinates": [-64.98999786376953, -42.73]}, "properties": {"matched": true, "detecciones": 1, "fecha": "2026-09-13", "fuente": "GFW / Sentinel-1"}}, {"type": "Feature", "geometry": {"type": "Point", "coordinates": [-61.86000061035156, -39]}, "properties": {"matched": true, "detecciones": 1, "fecha": "2026-09-14", "fuente": "GFW / Sentinel-1"}}, {"type": "Feature", "geometry": {"type": "Point", "coordinates": [-53.2599983215332, -34.45]}, "properties": {"matched": true, "detecciones": 1, "fecha": "2026-09-11", "fuente": "GFW / Sentinel-1"}}, {"type": "Feature", "geometry": {"type": "Point", "coordinates": [-73.20999908447266, -41.8]}, "properties": {"matched": true, "detecciones": 1, "fecha": "2026-09-09", "fuente": "GFW / Sentinel-1"}}, {"type": "Feature", "geometry": {"type": "Point", "coordinates": [-64.94999694824219, -41.48]}, "properties": {"matched": true, "detecciones": 1, "fecha": "2026-09-18", "fuente": "GFW / Sentinel-1"}}, {"type": "Feature", "geometry": {"type": "Point", "coordinates": [-72.94000244140625, -41.5]}, "properties": {"matched": true, "detecciones": 1, "fecha": "2026-09-09", "fuente": "GFW / Sentinel-1"}}, {"type": "Feature", "geometry": {"type": "Point", "coordinates": [-73.26000213623047, -37.01]}, "properties": {"matched": true, "detecciones": 1, "fecha": "2026-09-15", "fuente": "GFW / Sentinel-1"}}, {"type": "Feature", "geometry": {"type": "Point", "coordinates": [-72.88999938964844, -41.65]}, "properties": {"matched": true, "detecciones": 1, "fecha": "2026-09-26", "fuente": "GFW / Sentinel-1"}}, {"type": "Feature", "geometry": {"type": "Point", "coordinates": [-60.86000061035156, -39.36]}, "properties": {"matched": true, "detecciones": 1, "fecha": "2026-09-27", "fuente": "GFW / Sentinel-1"}}, {"type": "Feature", "geometry": {"type": "Point", "coordinates": [-67.41999816894531, -46]}, "properties": {"matched": true, "detecciones": 1, "fecha": "2026-09-25", "fuente": "GFW / Sentinel-1"}}, {"type": "Feature", "geometry": {"type": "Point", "coordinates": [-73.56999969482422, -43.53]}, "properties": {"matched": true, "detecciones": 1, "fecha": "2026-10-03", "fuente": "GFW / Sentinel-1"}}, {"type": "Feature", "geometry": {"type": "Point", "coordinates": [-61.52000045776367, -39.33]}, "properties": {"matched": true, "detecciones": 1, "fecha": "2026-09-26", "fuente": "GFW / Sentinel-1"}}, {"type": "Feature", "geometry": {"type": "Point", "coordinates": [-71.66999816894531, -33.6]}, "properties": {"matched": true, "detecciones": 1, "fecha": "2026-09-15", "fuente": "GFW / Sentinel-1"}}, {"type": "Feature", "geometry": {"type": "Point", "coordinates": [-73.29000091552734, -43.02]}, "properties": {"matched": true, "detecciones": 1, "fecha": "2026-10-03", "fuente": "GFW / Sentinel-1"}}, {"type": "Feature", "geometry": {"type": "Point", "coordinates": [-72.6500015258789, -41.72]}, "properties": {"matched": true, "detecciones": 1, "fecha": "2026-10-03", "fuente": "GFW / Sentinel-1"}}, {"type": "Feature", "geometry": {"type": "Point", "coordinates": [-72.94000244140625, -41.56]}, "properties": {"matched": true, "detecciones": 1, "fecha": "2026-09-20", "fuente": "GFW / Sentinel-1"}}, {"type": "Feature", "geometry": {"type": "Point", "coordinates": [-73.38999938964844, -43.96]}, "properties": {"matched": true, "detecciones": 1, "fecha": "2026-10-03", "fuente": "GFW / Sentinel-1"}}, {"type": "Feature", "geometry": {"type": "Point", "coordinates": [-73.26000213623047, -42.91]}, "properties": {"matched": true, "detecciones": 1, "fecha": "2026-09-15", "fuente": "GFW / Sentinel-1"}}, {"type": "Feature", "geometry": {"type": "Point", "coordinates": [-53.290000915527344, -34.69]}, "properties": {"matched": true, "detecciones": 1, "fecha": "2026-10-05", "fuente": "GFW / Sentinel-1"}}, {"type": "Feature", "geometry": {"type": "Point", "coordinates": [-70.72000122070312, -53.09]}, "properties": {"matched": true, "detecciones": 1, "fecha": "2026-10-06", "fuente": "GFW / Sentinel-1"}}, {"type": "Feature", "geometry": {"type": "Point", "coordinates": [-73.01000213623047, -36.7]}, "properties": {"matched": true, "detecciones": 1, "fecha": "2026-10-02", "fuente": "GFW / Sentinel-1"}}, {"type": "Feature", "geometry": {"type": "Point", "coordinates": [-73, -53.36]}, "properties": {"matched": true, "detecciones": 1, "fecha": "2026-10-06", "fuente": "GFW / Sentinel-1"}}, {"type": "Feature", "geometry": {"type": "Point", "coordinates": [-72.83999633789062, -42.27]}, "properties": {"matched": true, "detecciones": 1, "fecha": "2026-09-09", "fuente": "GFW / Sentinel-1"}}, {"type": "Feature", "geometry": {"type": "Point", "coordinates": [-73, -36.7]}, "properties": {"matched": true, "detecciones": 1, "fecha": "2026-09-27", "fuente": "GFW / Sentinel-1"}}, {"type": "Feature", "geometry": {"type": "Point", "coordinates": [-53.439998626708984, -34.37]}, "properties": {"matched": true, "detecciones": 1, "fecha": "2026-10-05", "fuente": "GFW / Sentinel-1"}}, {"type": "Feature", "geometry": {"type": "Point", "coordinates": [-72.7699966430664, -41.68]}, "properties": {"matched": true, "detecciones": 1, "fecha": "2026-09-19", "fuente": "GFW / Sentinel-1"}}, {"type": "Feature", "geometry": {"type": "Point", "coordinates": [-73.43000030517578, -44.26]}, "properties": {"matched": true, "detecciones": 1, "fecha": "2026-09-21", "fuente": "GFW / Sentinel-1"}}, {"type": "Feature", "geometry": {"type": "Point", "coordinates": [-72.77999877929688, -53.45]}, "properties": {"matched": true, "detecciones": 1, "fecha": "2026-09-24", "fuente": "GFW / Sentinel-1"}}, {"type": "Feature", "geometry": {"type": "Point", "coordinates": [-73.23999786376953, -42.82]}, "properties": {"matched": true, "detecciones": 1, "fecha": "2026-09-27", "fuente": "GFW / Sentinel-1"}}, {"type": "Feature", "geometry": {"type": "Point", "coordinates": [-73.5, -43.32]}, "properties": {"matched": true, "detecciones": 1, "fecha": "2026-09-21", "fuente": "GFW / Sentinel-1"}}, {"type": "Feature", "geometry": {"type": "Point", "coordinates": [-73.48999786376953, -44.61]}, "properties": {"matched": true, "detecciones": 1, "fecha": "2026-09-27", "fuente": "GFW / Sentinel-1"}}, {"type": "Feature", "geometry": {"type": "Point", "coordinates": [-73.0199966430664, -36.69]}, "properties": {"matched": true, "detecciones": 1, "fecha": "2026-09-27", "fuente": "GFW / Sentinel-1"}}, {"type": "Feature", "geometry": {"type": "Point", "coordinates": [-59.77000045776367, -38.91]}, "properties": {"matched": true, "detecciones": 1, "fecha": "2026-09-27", "fuente": "GFW / Sentinel-1"}}, {"type": "Feature", "geometry": {"type": "Point", "coordinates": [-73.6500015258789, -53.03]}, "properties": {"matched": true, "detecciones": 1, "fecha": "2026-09-17", "fuente": "GFW / Sentinel-1"}}, {"type": "Feature", "geometry": {"type": "Point", "coordinates": [-70.55000305175781, -53.33]}, "properties": {"matched": true, "detecciones": 1, "fecha": "2026-09-24", "fuente": "GFW / Sentinel-1"}}, {"type": "Feature", "geometry": {"type": "Point", "coordinates": [-73, -42.19]}, "properties": {"matched": true, "detecciones": 1, "fecha": "2026-09-14", "fuente": "GFW / Sentinel-1"}}, {"type": "Feature", "geometry": {"type": "Point", "coordinates": [-73.25, -42.87]}, "properties": {"matched": true, "detecciones": 1, "fecha": "2026-10-03", "fuente": "GFW / Sentinel-1"}}, {"type": "Feature", "geometry": {"type": "Point", "coordinates": [-62.13999938964844, -38.9]}, "properties": {"matched": true, "detecciones": 1, "fecha": "2026-09-20", "fuente": "GFW / Sentinel-1"}}, {"type": "Feature", "geometry": {"type": "Point", "coordinates": [-61.540000915527344, -39.33]}, "properties": {"matched": true, "detecciones": 1, "fecha": "2026-09-14", "fuente": "GFW / Sentinel-1"}}, {"type": "Feature", "geometry": {"type": "Point", "coordinates": [-72.95999908447266, -41.54]}, "properties": {"matched": true, "detecciones": 1, "fecha": "2026-09-27", "fuente": "GFW / Sentinel-1"}}, {"type": "Feature", "geometry": {"type": "Point", "coordinates": [-72.98999786376953, -42.06]}, "properties": {"matched": true, "detecciones": 1, "fecha": "2026-10-02", "fuente": "GFW / Sentinel-1"}}, {"type": "Feature", "geometry": {"type": "Point", "coordinates": [-53.36000061035156, -34.39]}, "properties": {"matched": true, "detecciones": 1, "fecha": "2026-09-23", "fuente": "GFW / Sentinel-1"}}, {"type": "Feature", "geometry": {"type": "Point", "coordinates": [-73.77999877929688, -52.75]}, "properties": {"matched": true, "detecciones": 1, "fecha": "2026-10-06", "fuente": "GFW / Sentinel-1"}}, {"type": "Feature", "geometry": {"type": "Point", "coordinates": [-71.08999633789062, -53.86]}, "properties": {"matched": true, "detecciones": 1, "fecha": "2026-10-06", "fuente": "GFW / Sentinel-1"}}, {"type": "Feature", "geometry": {"type": "Point", "coordinates": [-73.0199966430664, -36.69]}, "properties": {"matched": true, "detecciones": 1, "fecha": "2026-10-02", "fuente": "GFW / Sentinel-1"}}, {"type": "Feature", "geometry": {"type": "Point", "coordinates": [-73.69000244140625, -46.25]}, "properties": {"matched": true, "detecciones": 1, "fecha": "2026-09-21", "fuente": "GFW / Sentinel-1"}}, {"type": "Feature", "geometry": {"type": "Point", "coordinates": [-72.69999694824219, -34.87]}, "properties": {"matched": true, "detecciones": 1, "fecha": "2026-09-20", "fuente": "GFW / Sentinel-1"}}, {"type": "Feature", "geometry": {"type": "Point", "coordinates": [-72.91000366210938, -42.49]}, "properties": {"matched": true, "detecciones": 1, "fecha": "2026-09-15", "fuente": "GFW / Sentinel-1"}}, {"type": "Feature", "geometry": {"type": "Point", "coordinates": [-61.540000915527344, -39.31]}, "properties": {"matched": true, "detecciones": 1, "fecha": "2026-09-20", "fuente": "GFW / Sentinel-1"}}, {"type": "Feature", "geometry": {"type": "Point", "coordinates": [-73.61000061035156, -45.06]}, "properties": {"matched": true, "detecciones": 1, "fecha": "2026-09-24", "fuente": "GFW / Sentinel-1"}}, {"type": "Feature", "geometry": {"type": "Point", "coordinates": [-73.44000244140625, -44.34]}, "properties": {"matched": true, "detecciones": 1, "fecha": "2026-09-09", "fuente": "GFW / Sentinel-1"}}, {"type": "Feature", "geometry": {"type": "Point", "coordinates": [-73.29000091552734, -42.01]}, "properties": {"matched": true, "detecciones": 1, "fecha": "2026-09-21", "fuente": "GFW / Sentinel-1"}}, {"type": "Feature", "geometry": {"type": "Point", "coordinates": [-73.36000061035156, -42.4]}, "properties": {"matched": true, "detecciones": 1, "fecha": "2026-09-27", "fuente": "GFW / Sentinel-1"}}, {"type": "Feature", "geometry": {"type": "Point", "coordinates": [-73.79000091552734, -44.21]}, "properties": {"matched": true, "detecciones": 1, "fecha": "2026-09-19", "fuente": "GFW / Sentinel-1"}}, {"type": "Feature", "geometry": {"type": "Point", "coordinates": [-73.02999877929688, -42.32]}, "properties": {"matched": true, "detecciones": 1, "fecha": "2026-09-14", "fuente": "GFW / Sentinel-1"}}, {"type": "Feature", "geometry": {"type": "Point", "coordinates": [-73.0199966430664, -41.63]}, "properties": {"matched": true, "detecciones": 1, "fecha": "2026-09-19", "fuente": "GFW / Sentinel-1"}}, {"type": "Feature", "geometry": {"type": "Point", "coordinates": [-67.30999755859375, -45.81]}, "properties": {"matched": true, "detecciones": 1, "fecha": "2026-09-30", "fuente": "GFW / Sentinel-1"}}, {"type": "Feature", "geometry": {"type": "Point", "coordinates": [-73.66999816894531, -52.41]}, "properties": {"matched": true, "detecciones": 1, "fecha": "2026-09-24", "fuente": "GFW / Sentinel-1"}}, {"type": "Feature", "geometry": {"type": "Point", "coordinates": [-73.3499984741211, -43.74]}, "properties": {"matched": true, "detecciones": 1, "fecha": "2026-09-27", "fuente": "GFW / Sentinel-1"}}, {"type": "Feature", "geometry": {"type": "Point", "coordinates": [-72.9800033569336, -41.95]}, "properties": {"matched": true, "detecciones": 1, "fecha": "2026-09-15", "fuente": "GFW / Sentinel-1"}}, {"type": "Feature", "geometry": {"type": "Point", "coordinates": [-73.4800033569336, -44.89]}, "properties": {"matched": true, "detecciones": 1, "fecha": "2026-09-21", "fuente": "GFW / Sentinel-1"}}, {"type": "Feature", "geometry": {"type": "Point", "coordinates": [-73.44999694824219, -44.32]}, "properties": {"matched": true, "detecciones": 1, "fecha": "2026-09-27", "fuente": "GFW / Sentinel-1"}}, {"type": "Feature", "geometry": {"type": "Point", "coordinates": [-73.62000274658203, -51.98]}, "properties": {"matched": true, "detecciones": 1, "fecha": "2026-09-24", "fuente": "GFW / Sentinel-1"}}, {"type": "Feature", "geometry": {"type": "Point", "coordinates": [-51.529998779296875, -33.09]}, "properties": {"matched": true, "detecciones": 1, "fecha": "2026-09-30", "fuente": "GFW / Sentinel-1"}}, {"type": "Feature", "geometry": {"type": "Point", "coordinates": [-72.94999694824219, -41.5]}, "properties": {"matched": true, "detecciones": 1, "fecha": "2026-09-26", "fuente": "GFW / Sentinel-1"}}, {"type": "Feature", "geometry": {"type": "Point", "coordinates": [-73.3499984741211, -43.74]}, "properties": {"matched": true, "detecciones": 1, "fecha": "2026-10-03", "fuente": "GFW / Sentinel-1"}}, {"type": "Feature", "geometry": {"type": "Point", "coordinates": [-73.19000244140625, -37.05]}, "properties": {"matched": true, "detecciones": 1, "fecha": "2026-09-15", "fuente": "GFW / Sentinel-1"}}, {"type": "Feature", "geometry": {"type": "Point", "coordinates": [-73.23999786376953, -42.11]}, "properties": {"matched": true, "detecciones": 1, "fecha": "2026-10-03", "fuente": "GFW / Sentinel-1"}}, {"type": "Feature", "geometry": {"type": "Point", "coordinates": [-61.459999084472656, -39.35]}, "properties": {"matched": true, "detecciones": 1, "fecha": "2026-09-26", "fuente": "GFW / Sentinel-1"}}, {"type": "Feature", "geometry": {"type": "Point", "coordinates": [-73.30000305175781, -44.22]}, "properties": {"matched": true, "detecciones": 1, "fecha": "2026-09-21", "fuente": "GFW / Sentinel-1"}}, {"type": "Feature", "geometry": {"type": "Point", "coordinates": [-73.13999938964844, -52.04]}, "properties": {"matched": true, "detecciones": 1, "fecha": "2026-09-12", "fuente": "GFW / Sentinel-1"}}, {"type": "Feature", "geometry": {"type": "Point", "coordinates": [-73.30999755859375, -43.12]}, "properties": {"matched": true, "detecciones": 1, "fecha": "2026-09-15", "fuente": "GFW / Sentinel-1"}}, {"type": "Feature", "geometry": {"type": "Point", "coordinates": [-71.01000213623047, -54.36]}, "properties": {"matched": true, "detecciones": 1, "fecha": "2026-09-18", "fuente": "GFW / Sentinel-1"}}, {"type": "Feature", "geometry": {"type": "Point", "coordinates": [-70.81999969482422, -53.13]}, "properties": {"matched": true, "detecciones": 1, "fecha": "2026-09-12", "fuente": "GFW / Sentinel-1"}}, {"type": "Feature", "geometry": {"type": "Point", "coordinates": [-73, -41.53]}, "properties": {"matched": true, "detecciones": 1, "fecha": "2026-10-03", "fuente": "GFW / Sentinel-1"}}, {"type": "Feature", "geometry": {"type": "Point", "coordinates": [-73.08000183105469, -42.44]}, "properties": {"matched": true, "detecciones": 1, "fecha": "2026-09-26", "fuente": "GFW / Sentinel-1"}}, {"type": "Feature", "geometry": {"type": "Point", "coordinates": [-73.30000305175781, -43.2]}, "properties": {"matched": true, "detecciones": 1, "fecha": "2026-09-09", "fuente": "GFW / Sentinel-1"}}, {"type": "Feature", "geometry": {"type": "Point", "coordinates": [-70.86000061035156, -53.12]}, "properties": {"matched": true, "detecciones": 1, "fecha": "2026-09-12", "fuente": "GFW / Sentinel-1"}}, {"type": "Feature", "geometry": {"type": "Point", "coordinates": [-73.26000213623047, -42.96]}, "properties": {"matched": true, "detecciones": 1, "fecha": "2026-09-19", "fuente": "GFW / Sentinel-1"}}, {"type": "Feature", "geometry": {"type": "Point", "coordinates": [-64.94999694824219, -42.75]}, "properties": {"matched": true, "detecciones": 1, "fecha": "2026-09-13", "fuente": "GFW / Sentinel-1"}}, {"type": "Feature", "geometry": {"type": "Point", "coordinates": [-58.22999954223633, -51.93]}, "properties": {"matched": true, "detecciones": 1, "fecha": "2026-09-18", "fuente": "GFW / Sentinel-1"}}, {"type": "Feature", "geometry": {"type": "Point", "coordinates": [-66.9000015258789, -45.91]}, "properties": {"matched": true, "detecciones": 1, "fecha": "2026-09-30", "fuente": "GFW / Sentinel-1"}}, {"type": "Feature", "geometry": {"type": "Point", "coordinates": [-72.72000122070312, -41.69]}, "properties": {"matched": true, "detecciones": 1, "fecha": "2026-09-20", "fuente": "GFW / Sentinel-1"}}, {"type": "Feature", "geometry": {"type": "Point", "coordinates": [-66.81999969482422, -45.68]}, "properties": {"matched": true, "detecciones": 1, "fecha": "2026-09-25", "fuente": "GFW / Sentinel-1"}}, {"type": "Feature", "geometry": {"type": "Point", "coordinates": [-73.47000122070312, -41.81]}, "properties": {"matched": true, "detecciones": 1, "fecha": "2026-10-02", "fuente": "GFW / Sentinel-1"}}, {"type": "Feature", "geometry": {"type": "Point", "coordinates": [-73.3499984741211, -43.67]}, "properties": {"matched": true, "detecciones": 1, "fecha": "2026-09-27", "fuente": "GFW / Sentinel-1"}}, {"type": "Feature", "geometry": {"type": "Point", "coordinates": [-67.41000366210938, -45.88]}, "properties": {"matched": true, "detecciones": 1, "fecha": "2026-09-25", "fuente": "GFW / Sentinel-1"}}, {"type": "Feature", "geometry": {"type": "Point", "coordinates": [-61.560001373291016, -39.3]}, "properties": {"matched": true, "detecciones": 1, "fecha": "2026-09-26", "fuente": "GFW / Sentinel-1"}}, {"type": "Feature", "geometry": {"type": "Point", "coordinates": [-61.91999816894531, -38.98]}, "properties": {"matched": true, "detecciones": 1, "fecha": "2026-09-14", "fuente": "GFW / Sentinel-1"}}, {"type": "Feature", "geometry": {"type": "Point", "coordinates": [-72.18000030517578, -34.1]}, "properties": {"matched": true, "detecciones": 1, "fecha": "2026-09-28", "fuente": "GFW / Sentinel-1"}}, {"type": "Feature", "geometry": {"type": "Point", "coordinates": [-61.41999816894531, -39.34]}, "properties": {"matched": true, "detecciones": 1, "fecha": "2026-09-20", "fuente": "GFW / Sentinel-1"}}, {"type": "Feature", "geometry": {"type": "Point", "coordinates": [-73.30000305175781, -43.3]}, "properties": {"matched": true, "detecciones": 1, "fecha": "2026-09-15", "fuente": "GFW / Sentinel-1"}}, {"type": "Feature", "geometry": {"type": "Point", "coordinates": [-73.70999908447266, -43.84]}, "properties": {"matched": true, "detecciones": 1, "fecha": "2026-10-03", "fuente": "GFW / Sentinel-1"}}, {"type": "Feature", "geometry": {"type": "Point", "coordinates": [-64.98999786376953, -41.65]}, "properties": {"matched": true, "detecciones": 1, "fecha": "2026-09-25", "fuente": "GFW / Sentinel-1"}}, {"type": "Feature", "geometry": {"type": "Point", "coordinates": [-73.02999877929688, -41.71]}, "properties": {"matched": true, "detecciones": 1, "fecha": "2026-09-21", "fuente": "GFW / Sentinel-1"}}, {"type": "Feature", "geometry": {"type": "Point", "coordinates": [-73.43000030517578, -44.26]}, "properties": {"matched": true, "detecciones": 1, "fecha": "2026-10-03", "fuente": "GFW / Sentinel-1"}}, {"type": "Feature", "geometry": {"type": "Point", "coordinates": [-72.9800033569336, -35.07]}, "properties": {"matched": true, "detecciones": 1, "fecha": "2026-09-27", "fuente": "GFW / Sentinel-1"}}, {"type": "Feature", "geometry": {"type": "Point", "coordinates": [-73.33000183105469, -43.41]}, "properties": {"matched": true, "detecciones": 1, "fecha": "2026-09-19", "fuente": "GFW / Sentinel-1"}}, {"type": "Feature", "geometry": {"type": "Point", "coordinates": [-73.37000274658203, -42.62]}, "properties": {"matched": true, "detecciones": 1, "fecha": "2026-09-19", "fuente": "GFW / Sentinel-1"}}, {"type": "Feature", "geometry": {"type": "Point", "coordinates": [-72.93000030517578, -42.94]}, "properties": {"matched": true, "detecciones": 1, "fecha": "2026-09-20", "fuente": "GFW / Sentinel-1"}}, {"type": "Feature", "geometry": {"type": "Point", "coordinates": [-70.88999938964844, -53.18]}, "properties": {"matched": true, "detecciones": 1, "fecha": "2026-10-06", "fuente": "GFW / Sentinel-1"}}, {"type": "Feature", "geometry": {"type": "Point", "coordinates": [-72.83999633789062, -44.76]}, "properties": {"matched": true, "detecciones": 1, "fecha": "2026-09-27", "fuente": "GFW / Sentinel-1"}}, {"type": "Feature", "geometry": {"type": "Point", "coordinates": [-73.5, -44.56]}, "properties": {"matched": true, "detecciones": 1, "fecha": "2026-09-24", "fuente": "GFW / Sentinel-1"}}, {"type": "Feature", "geometry": {"type": "Point", "coordinates": [-73.6500015258789, -43.26]}, "properties": {"matched": true, "detecciones": 1, "fecha": "2026-09-27", "fuente": "GFW / Sentinel-1"}}, {"type": "Feature", "geometry": {"type": "Point", "coordinates": [-60.2599983215332, -39.22]}, "properties": {"matched": true, "detecciones": 1, "fecha": "2026-09-21", "fuente": "GFW / Sentinel-1"}}, {"type": "Feature", "geometry": {"type": "Point", "coordinates": [-73.29000091552734, -43.51]}, "properties": {"matched": true, "detecciones": 1, "fecha": "2026-10-03", "fuente": "GFW / Sentinel-1"}}, {"type": "Feature", "geometry": {"type": "Point", "coordinates": [-73.0199966430664, -42.28]}, "properties": {"matched": true, "detecciones": 1, "fecha": "2026-09-20", "fuente": "GFW / Sentinel-1"}}, {"type": "Feature", "geometry": {"type": "Point", "coordinates": [-73.0999984741211, -53.15]}, "properties": {"matched": true, "detecciones": 1, "fecha": "2026-09-29", "fuente": "GFW / Sentinel-1"}}, {"type": "Feature", "geometry": {"type": "Point", "coordinates": [-73, -42.18]}, "properties": {"matched": true, "detecciones": 1, "fecha": "2026-10-02", "fuente": "GFW / Sentinel-1"}}, {"type": "Feature", "geometry": {"type": "Point", "coordinates": [-66.93000030517578, -54.96]}, "properties": {"matched": true, "detecciones": 1, "fecha": "2026-09-19", "fuente": "GFW / Sentinel-1"}}, {"type": "Feature", "geometry": {"type": "Point", "coordinates": [-73.66999816894531, -45.87]}, "properties": {"matched": true, "detecciones": 1, "fecha": "2026-10-03", "fuente": "GFW / Sentinel-1"}}, {"type": "Feature", "geometry": {"type": "Point", "coordinates": [-73.0999984741211, -53.31]}, "properties": {"matched": true, "detecciones": 1, "fecha": "2026-09-29", "fuente": "GFW / Sentinel-1"}}, {"type": "Feature", "geometry": {"type": "Point", "coordinates": [-73.0999984741211, -43.15]}, "properties": {"matched": true, "detecciones": 1, "fecha": "2026-09-15", "fuente": "GFW / Sentinel-1"}}, {"type": "Feature", "geometry": {"type": "Point", "coordinates": [-51.20000076293945, -33.54]}, "properties": {"matched": true, "detecciones": 1, "fecha": "2026-09-30", "fuente": "GFW / Sentinel-1"}}, {"type": "Feature", "geometry": {"type": "Point", "coordinates": [-59.970001220703125, -39.26]}, "properties": {"matched": true, "detecciones": 1, "fecha": "2026-10-03", "fuente": "GFW / Sentinel-1"}}, {"type": "Feature", "geometry": {"type": "Point", "coordinates": [-73.81999969482422, -44.97]}, "properties": {"matched": true, "detecciones": 1, "fecha": "2026-09-27", "fuente": "GFW / Sentinel-1"}}, {"type": "Feature", "geometry": {"type": "Point", "coordinates": [-61.900001525878906, -39.02]}, "properties": {"matched": true, "detecciones": 1, "fecha": "2026-09-20", "fuente": "GFW / Sentinel-1"}}, {"type": "Feature", "geometry": {"type": "Point", "coordinates": [-73.04000091552734, -36.67]}, "properties": {"matched": true, "detecciones": 1, "fecha": "2026-10-02", "fuente": "GFW / Sentinel-1"}}, {"type": "Feature", "geometry": {"type": "Point", "coordinates": [-62.15999984741211, -38.9]}, "properties": {"matched": true, "detecciones": 1, "fecha": "2026-09-26", "fuente": "GFW / Sentinel-1"}}, {"type": "Feature", "geometry": {"type": "Point", "coordinates": [-73.73999786376953, -45.42]}, "properties": {"matched": true, "detecciones": 1, "fecha": "2026-09-19", "fuente": "GFW / Sentinel-1"}}, {"type": "Feature", "geometry": {"type": "Point", "coordinates": [-61.630001068115234, -39.31]}, "properties": {"matched": true, "detecciones": 1, "fecha": "2026-09-26", "fuente": "GFW / Sentinel-1"}}, {"type": "Feature", "geometry": {"type": "Point", "coordinates": [-73.72000122070312, -43.75]}, "properties": {"matched": true, "detecciones": 1, "fecha": "2026-09-09", "fuente": "GFW / Sentinel-1"}}, {"type": "Feature", "geometry": {"type": "Point", "coordinates": [-73.41999816894531, -44.45]}, "properties": {"matched": true, "detecciones": 1, "fecha": "2026-09-12", "fuente": "GFW / Sentinel-1"}}, {"type": "Feature", "geometry": {"type": "Point", "coordinates": [-65.01000213623047, -41.67]}, "properties": {"matched": true, "detecciones": 1, "fecha": "2026-09-25", "fuente": "GFW / Sentinel-1"}}, {"type": "Feature", "geometry": {"type": "Point", "coordinates": [-73.41999816894531, -43.99]}, "properties": {"matched": true, "detecciones": 1, "fecha": "2026-09-09", "fuente": "GFW / Sentinel-1"}}, {"type": "Feature", "geometry": {"type": "Point", "coordinates": [-66.5999984741211, -46.31]}, "properties": {"matched": true, "detecciones": 1, "fecha": "2026-09-13", "fuente": "GFW / Sentinel-1"}}, {"type": "Feature", "geometry": {"type": "Point", "coordinates": [-73.6500015258789, -46.33]}, "properties": {"matched": true, "detecciones": 1, "fecha": "2026-10-04", "fuente": "GFW / Sentinel-1"}}, {"type": "Feature", "geometry": {"type": "Point", "coordinates": [-73.31999969482422, -44.16]}, "properties": {"matched": true, "detecciones": 1, "fecha": "2026-09-21", "fuente": "GFW / Sentinel-1"}}, {"type": "Feature", "geometry": {"type": "Point", "coordinates": [-58.58000183105469, -38.67]}, "properties": {"matched": true, "detecciones": 1, "fecha": "2026-10-03", "fuente": "GFW / Sentinel-1"}}, {"type": "Feature", "geometry": {"type": "Point", "coordinates": [-73.25, -42.59]}, "properties": {"matched": true, "detecciones": 1, "fecha": "2026-09-21", "fuente": "GFW / Sentinel-1"}}, {"type": "Feature", "geometry": {"type": "Point", "coordinates": [-73.58000183105469, -45.22]}, "properties": {"matched": true, "detecciones": 1, "fecha": "2026-09-19", "fuente": "GFW / Sentinel-1"}}, {"type": "Feature", "geometry": {"type": "Point", "coordinates": [-72.9800033569336, -42.12]}, "properties": {"matched": true, "detecciones": 1, "fecha": "2026-09-26", "fuente": "GFW / Sentinel-1"}}, {"type": "Feature", "geometry": {"type": "Point", "coordinates": [-73.26000213623047, -41.8]}, "properties": {"matched": true, "detecciones": 1, "fecha": "2026-10-03", "fuente": "GFW / Sentinel-1"}}, {"type": "Feature", "geometry": {"type": "Point", "coordinates": [-72.2300033569336, -34.34]}, "properties": {"matched": true, "detecciones": 1, "fecha": "2026-10-02", "fuente": "GFW / Sentinel-1"}}, {"type": "Feature", "geometry": {"type": "Point", "coordinates": [-73.05000305175781, -36.7]}, "properties": {"matched": true, "detecciones": 1, "fecha": "2026-09-20", "fuente": "GFW / Sentinel-1"}}, {"type": "Feature", "geometry": {"type": "Point", "coordinates": [-72.30999755859375, -52.59]}, "properties": {"matched": true, "detecciones": 1, "fecha": "2026-09-24", "fuente": "GFW / Sentinel-1"}}, {"type": "Feature", "geometry": {"type": "Point", "coordinates": [-60.04999923706055, -39.58]}, "properties": {"matched": true, "detecciones": 1, "fecha": "2026-09-26", "fuente": "GFW / Sentinel-1"}}, {"type": "Feature", "geometry": {"type": "Point", "coordinates": [-64.9000015258789, -41.62]}, "properties": {"matched": true, "detecciones": 1, "fecha": "2026-09-13", "fuente": "GFW / Sentinel-1"}}, {"type": "Feature", "geometry": {"type": "Point", "coordinates": [-73.05000305175781, -42.46]}, "properties": {"matched": true, "detecciones": 1, "fecha": "2026-09-27", "fuente": "GFW / Sentinel-1"}}, {"type": "Feature", "geometry": {"type": "Point", "coordinates": [-70.87000274658203, -53.17]}, "properties": {"matched": true, "detecciones": 1, "fecha": "2026-10-06", "fuente": "GFW / Sentinel-1"}}, {"type": "Feature", "geometry": {"type": "Point", "coordinates": [-61.5, -39.34]}, "properties": {"matched": true, "detecciones": 1, "fecha": "2026-09-14", "fuente": "GFW / Sentinel-1"}}, {"type": "Feature", "geometry": {"type": "Point", "coordinates": [-73.48999786376953, -41.82]}, "properties": {"matched": true, "detecciones": 1, "fecha": "2026-09-15", "fuente": "GFW / Sentinel-1"}}, {"type": "Feature", "geometry": {"type": "Point", "coordinates": [-73.19999694824219, -41.87]}, "properties": {"matched": true, "detecciones": 1, "fecha": "2026-10-02", "fuente": "GFW / Sentinel-1"}}, {"type": "Feature", "geometry": {"type": "Point", "coordinates": [-73.05000305175781, -36.7]}, "properties": {"matched": true, "detecciones": 1, "fecha": "2026-10-02", "fuente": "GFW / Sentinel-1"}}, {"type": "Feature", "geometry": {"type": "Point", "coordinates": [-58.459999084472656, -39.02]}, "properties": {"matched": true, "detecciones": 1, "fecha": "2026-09-09", "fuente": "GFW / Sentinel-1"}}, {"type": "Feature", "geometry": {"type": "Point", "coordinates": [-72.8499984741211, -41.58]}, "properties": {"matched": true, "detecciones": 1, "fecha": "2026-10-02", "fuente": "GFW / Sentinel-1"}}, {"type": "Feature", "geometry": {"type": "Point", "coordinates": [-73.30999755859375, -43.49]}, "properties": {"matched": true, "detecciones": 1, "fecha": "2026-09-21", "fuente": "GFW / Sentinel-1"}}, {"type": "Feature", "geometry": {"type": "Point", "coordinates": [-70.8499984741211, -53.12]}, "properties": {"matched": true, "detecciones": 1, "fecha": "2026-09-12", "fuente": "GFW / Sentinel-1"}}, {"type": "Feature", "geometry": {"type": "Point", "coordinates": [-70.86000061035156, -53.17]}, "properties": {"matched": true, "detecciones": 1, "fecha": "2026-09-24", "fuente": "GFW / Sentinel-1"}}, {"type": "Feature", "geometry": {"type": "Point", "coordinates": [-66.80999755859375, -45.83]}, "properties": {"matched": true, "detecciones": 1, "fecha": "2026-09-25", "fuente": "GFW / Sentinel-1"}}, {"type": "Feature", "geometry": {"type": "Point", "coordinates": [-73.37999725341797, -43.7]}, "properties": {"matched": true, "detecciones": 1, "fecha": "2026-09-27", "fuente": "GFW / Sentinel-1"}}, {"type": "Feature", "geometry": {"type": "Point", "coordinates": [-52, -34.25]}, "properties": {"matched": true, "detecciones": 1, "fecha": "2026-09-23", "fuente": "GFW / Sentinel-1"}}, {"type": "Feature", "geometry": {"type": "Point", "coordinates": [-73.72000122070312, -51.81]}, "properties": {"matched": true, "detecciones": 1, "fecha": "2026-09-29", "fuente": "GFW / Sentinel-1"}}, {"type": "Feature", "geometry": {"type": "Point", "coordinates": [-64.97000122070312, -41.68]}, "properties": {"matched": true, "detecciones": 1, "fecha": "2026-09-25", "fuente": "GFW / Sentinel-1"}}, {"type": "Feature", "geometry": {"type": "Point", "coordinates": [-73.61000061035156, -43.15]}, "properties": {"matched": true, "detecciones": 1, "fecha": "2026-09-21", "fuente": "GFW / Sentinel-1"}}, {"type": "Feature", "geometry": {"type": "Point", "coordinates": [-73.30000305175781, -42.18]}, "properties": {"matched": true, "detecciones": 1, "fecha": "2026-10-03", "fuente": "GFW / Sentinel-1"}}, {"type": "Feature", "geometry": {"type": "Point", "coordinates": [-73.30000305175781, -43.2]}, "properties": {"matched": true, "detecciones": 1, "fecha": "2026-09-21", "fuente": "GFW / Sentinel-1"}}, {"type": "Feature", "geometry": {"type": "Point", "coordinates": [-61.529998779296875, -39.29]}, "properties": {"matched": true, "detecciones": 1, "fecha": "2026-09-14", "fuente": "GFW / Sentinel-1"}}, {"type": "Feature", "geometry": {"type": "Point", "coordinates": [-73.6500015258789, -45.18]}, "properties": {"matched": true, "detecciones": 1, "fecha": "2026-09-12", "fuente": "GFW / Sentinel-1"}}, {"type": "Feature", "geometry": {"type": "Point", "coordinates": [-72.9800033569336, -42.06]}, "properties": {"matched": true, "detecciones": 1, "fecha": "2026-10-02", "fuente": "GFW / Sentinel-1"}}, {"type": "Feature", "geometry": {"type": "Point", "coordinates": [-70.19000244140625, -52.65]}, "properties": {"matched": true, "detecciones": 1, "fecha": "2026-09-24", "fuente": "GFW / Sentinel-1"}}, {"type": "Feature", "geometry": {"type": "Point", "coordinates": [-72.97000122070312, -41.52]}, "properties": {"matched": true, "detecciones": 1, "fecha": "2026-09-20", "fuente": "GFW / Sentinel-1"}}, {"type": "Feature", "geometry": {"type": "Point", "coordinates": [-73.5, -41.82]}, "properties": {"matched": true, "detecciones": 1, "fecha": "2026-10-02", "fuente": "GFW / Sentinel-1"}}, {"type": "Feature", "geometry": {"type": "Point", "coordinates": [-61.90999984741211, -38.99]}, "properties": {"matched": true, "detecciones": 1, "fecha": "2026-09-20", "fuente": "GFW / Sentinel-1"}}, {"type": "Feature", "geometry": {"type": "Point", "coordinates": [-61.93000030517578, -38.98]}, "properties": {"matched": true, "detecciones": 1, "fecha": "2026-09-26", "fuente": "GFW / Sentinel-1"}}, {"type": "Feature", "geometry": {"type": "Point", "coordinates": [-73.47000122070312, -41.81]}, "properties": {"matched": true, "detecciones": 1, "fecha": "2026-09-20", "fuente": "GFW / Sentinel-1"}}, {"type": "Feature", "geometry": {"type": "Point", "coordinates": [-70.8499984741211, -53.61]}, "properties": {"matched": true, "detecciones": 1, "fecha": "2026-10-06", "fuente": "GFW / Sentinel-1"}}, {"type": "Feature", "geometry": {"type": "Point", "coordinates": [-72.94000244140625, -44.37]}, "properties": {"matched": true, "detecciones": 1, "fecha": "2026-10-03", "fuente": "GFW / Sentinel-1"}}, {"type": "Feature", "geometry": {"type": "Point", "coordinates": [-73.51000213623047, -44.67]}, "properties": {"matched": true, "detecciones": 1, "fecha": "2026-09-27", "fuente": "GFW / Sentinel-1"}}, {"type": "Feature", "geometry": {"type": "Point", "coordinates": [-71.6500015258789, -33.6]}, "properties": {"matched": true, "detecciones": 1, "fecha": "2026-09-27", "fuente": "GFW / Sentinel-1"}}, {"type": "Feature", "geometry": {"type": "Point", "coordinates": [-52.369998931884766, -33.66]}, "properties": {"matched": true, "detecciones": 1, "fecha": "2026-10-05", "fuente": "GFW / Sentinel-1"}}, {"type": "Feature", "geometry": {"type": "Point", "coordinates": [-73.93000030517578, -45.84]}, "properties": {"matched": true, "detecciones": 1, "fecha": "2026-09-12", "fuente": "GFW / Sentinel-1"}}, {"type": "Feature", "geometry": {"type": "Point", "coordinates": [-73.44999694824219, -43.37]}, "properties": {"matched": true, "detecciones": 1, "fecha": "2026-09-09", "fuente": "GFW / Sentinel-1"}}, {"type": "Feature", "geometry": {"type": "Point", "coordinates": [-73.25, -42.01]}, "properties": {"matched": true, "detecciones": 1, "fecha": "2026-09-19", "fuente": "GFW / Sentinel-1"}}, {"type": "Feature", "geometry": {"type": "Point", "coordinates": [-73.45999908447266, -36.81]}, "properties": {"matched": true, "detecciones": 1, "fecha": "2026-10-02", "fuente": "GFW / Sentinel-1"}}, {"type": "Feature", "geometry": {"type": "Point", "coordinates": [-72.77999877929688, -41.64]}, "properties": {"matched": true, "detecciones": 1, "fecha": "2026-10-03", "fuente": "GFW / Sentinel-1"}}, {"type": "Feature", "geometry": {"type": "Point", "coordinates": [-73.43000030517578, -44.22]}, "properties": {"matched": true, "detecciones": 1, "fecha": "2026-09-27", "fuente": "GFW / Sentinel-1"}}, {"type": "Feature", "geometry": {"type": "Point", "coordinates": [-59.68000030517578, -39.18]}, "properties": {"matched": true, "detecciones": 1, "fecha": "2026-09-09", "fuente": "GFW / Sentinel-1"}}, {"type": "Feature", "geometry": {"type": "Point", "coordinates": [-72.94999694824219, -41.5]}, "properties": {"matched": true, "detecciones": 1, "fecha": "2026-09-19", "fuente": "GFW / Sentinel-1"}}, {"type": "Feature", "geometry": {"type": "Point", "coordinates": [-73.5199966430664, -44.59]}, "properties": {"matched": true, "detecciones": 1, "fecha": "2026-09-12", "fuente": "GFW / Sentinel-1"}}, {"type": "Feature", "geometry": {"type": "Point", "coordinates": [-73.87000274658203, -44.97]}, "properties": {"matched": true, "detecciones": 1, "fecha": "2026-09-12", "fuente": "GFW / Sentinel-1"}}, {"type": "Feature", "geometry": {"type": "Point", "coordinates": [-70.87000274658203, -53.69]}, "properties": {"matched": true, "detecciones": 1, "fecha": "2026-09-24", "fuente": "GFW / Sentinel-1"}}, {"type": "Feature", "geometry": {"type": "Point", "coordinates": [-72.5999984741211, -42.07]}, "properties": {"matched": true, "detecciones": 1, "fecha": "2026-09-09", "fuente": "GFW / Sentinel-1"}}, {"type": "Feature", "geometry": {"type": "Point", "coordinates": [-72.6500015258789, -41.72]}, "properties": {"matched": true, "detecciones": 1, "fecha": "2026-09-15", "fuente": "GFW / Sentinel-1"}}, {"type": "Feature", "geometry": {"type": "Point", "coordinates": [-72.88999938964844, -51.94]}, "properties": {"matched": true, "detecciones": 1, "fecha": "2026-09-29", "fuente": "GFW / Sentinel-1"}}, {"type": "Feature", "geometry": {"type": "Point", "coordinates": [-57.959999084472656, -39.33]}, "properties": {"matched": true, "detecciones": 1, "fecha": "2026-09-27", "fuente": "GFW / Sentinel-1"}}, {"type": "Feature", "geometry": {"type": "Point", "coordinates": [-73.06999969482422, -42.42]}, "properties": {"matched": true, "detecciones": 1, "fecha": "2026-10-03", "fuente": "GFW / Sentinel-1"}}, {"type": "Feature", "geometry": {"type": "Point", "coordinates": [-73.58000183105469, -44.9]}, "properties": {"matched": true, "detecciones": 1, "fecha": "2026-09-19", "fuente": "GFW / Sentinel-1"}}, {"type": "Feature", "geometry": {"type": "Point", "coordinates": [-73.23999786376953, -42.81]}, "properties": {"matched": true, "detecciones": 1, "fecha": "2026-09-21", "fuente": "GFW / Sentinel-1"}}, {"type": "Feature", "geometry": {"type": "Point", "coordinates": [-73.44000244140625, -44.34]}, "properties": {"matched": true, "detecciones": 1, "fecha": "2026-10-03", "fuente": "GFW / Sentinel-1"}}, {"type": "Feature", "geometry": {"type": "Point", "coordinates": [-73.26000213623047, -41.8]}, "properties": {"matched": true, "detecciones": 2, "fecha": "2026-10-02", "fuente": "GFW / Sentinel-1"}}, {"type": "Feature", "geometry": {"type": "Point", "coordinates": [-70.87999725341797, -53.17]}, "properties": {"matched": true, "detecciones": 1, "fecha": "2026-10-06", "fuente": "GFW / Sentinel-1"}}, {"type": "Feature", "geometry": {"type": "Point", "coordinates": [-65.02999877929688, -54.91]}, "properties": {"matched": true, "detecciones": 1, "fecha": "2026-09-13", "fuente": "GFW / Sentinel-1"}}, {"type": "Feature", "geometry": {"type": "Point", "coordinates": [-61.95000076293945, -38.97]}, "properties": {"matched": true, "detecciones": 1, "fecha": "2026-09-13", "fuente": "GFW / Sentinel-1"}}, {"type": "Feature", "geometry": {"type": "Point", "coordinates": [-73.4800033569336, -44.52]}, "properties": {"matched": true, "detecciones": 1, "fecha": "2026-09-12", "fuente": "GFW / Sentinel-1"}}, {"type": "Feature", "geometry": {"type": "Point", "coordinates": [-61.369998931884766, -40.17]}, "properties": {"matched": true, "detecciones": 1, "fecha": "2026-09-20", "fuente": "GFW / Sentinel-1"}}, {"type": "Feature", "geometry": {"type": "Point", "coordinates": [-73.16999816894531, -42.62]}, "properties": {"matched": true, "detecciones": 1, "fecha": "2026-09-14", "fuente": "GFW / Sentinel-1"}}, {"type": "Feature", "geometry": {"type": "Point", "coordinates": [-66.06999969482422, -46.67]}, "properties": {"matched": true, "detecciones": 1, "fecha": "2026-09-25", "fuente": "GFW / Sentinel-1"}}, {"type": "Feature", "geometry": {"type": "Point", "coordinates": [-73.37000274658203, -43.62]}, "properties": {"matched": true, "detecciones": 1, "fecha": "2026-10-03", "fuente": "GFW / Sentinel-1"}}, {"type": "Feature", "geometry": {"type": "Point", "coordinates": [-73.41000366210938, -44.16]}, "properties": {"matched": true, "detecciones": 1, "fecha": "2026-09-27", "fuente": "GFW / Sentinel-1"}}, {"type": "Feature", "geometry": {"type": "Point", "coordinates": [-61.84000015258789, -39.07]}, "properties": {"matched": true, "detecciones": 1, "fecha": "2026-09-14", "fuente": "GFW / Sentinel-1"}}, {"type": "Feature", "geometry": {"type": "Point", "coordinates": [-53.38999938964844, -34.35]}, "properties": {"matched": true, "detecciones": 1, "fecha": "2026-10-05", "fuente": "GFW / Sentinel-1"}}, {"type": "Feature", "geometry": {"type": "Point", "coordinates": [-73.43000030517578, -43.16]}, "properties": {"matched": true, "detecciones": 1, "fecha": "2026-09-15", "fuente": "GFW / Sentinel-1"}}, {"type": "Feature", "geometry": {"type": "Point", "coordinates": [-73.47000122070312, -41.81]}, "properties": {"matched": true, "detecciones": 1, "fecha": "2026-09-19", "fuente": "GFW / Sentinel-1"}}, {"type": "Feature", "geometry": {"type": "Point", "coordinates": [-64.98999786376953, -41.67]}, "properties": {"matched": true, "detecciones": 1, "fecha": "2026-09-30", "fuente": "GFW / Sentinel-1"}}, {"type": "Feature", "geometry": {"type": "Point", "coordinates": [-73.62000274658203, -43.36]}, "properties": {"matched": true, "detecciones": 1, "fecha": "2026-09-21", "fuente": "GFW / Sentinel-1"}}, {"type": "Feature", "geometry": {"type": "Point", "coordinates": [-73.5, -44.75]}, "properties": {"matched": true, "detecciones": 1, "fecha": "2026-09-09", "fuente": "GFW / Sentinel-1"}}, {"type": "Feature", "geometry": {"type": "Point", "coordinates": [-70.86000061035156, -53.1]}, "properties": {"matched": true, "detecciones": 1, "fecha": "2026-09-12", "fuente": "GFW / Sentinel-1"}}, {"type": "Feature", "geometry": {"type": "Point", "coordinates": [-73.38999938964844, -43.16]}, "properties": {"matched": true, "detecciones": 1, "fecha": "2026-09-09", "fuente": "GFW / Sentinel-1"}}, {"type": "Feature", "geometry": {"type": "Point", "coordinates": [-72.95999908447266, -41.87]}, "properties": {"matched": true, "detecciones": 1, "fecha": "2026-10-02", "fuente": "GFW / Sentinel-1"}}, {"type": "Feature", "geometry": {"type": "Point", "coordinates": [-73.38999938964844, -42.51]}, "properties": {"matched": true, "detecciones": 1, "fecha": "2026-10-03", "fuente": "GFW / Sentinel-1"}}, {"type": "Feature", "geometry": {"type": "Point", "coordinates": [-73.11000061035156, -45.34]}, "properties": {"matched": true, "detecciones": 1, "fecha": "2026-09-19", "fuente": "GFW / Sentinel-1"}}, {"type": "Feature", "geometry": {"type": "Point", "coordinates": [-73.7300033569336, -34.69]}, "properties": {"matched": true, "detecciones": 1, "fecha": "2026-09-15", "fuente": "GFW / Sentinel-1"}}, {"type": "Feature", "geometry": {"type": "Point", "coordinates": [-72.91999816894531, -41.8]}, "properties": {"matched": true, "detecciones": 1, "fecha": "2026-09-20", "fuente": "GFW / Sentinel-1"}}, {"type": "Feature", "geometry": {"type": "Point", "coordinates": [-73.5, -41.82]}, "properties": {"matched": true, "detecciones": 1, "fecha": "2026-09-20", "fuente": "GFW / Sentinel-1"}}, {"type": "Feature", "geometry": {"type": "Point", "coordinates": [-72.98999786376953, -41.55]}, "properties": {"matched": true, "detecciones": 1, "fecha": "2026-09-15", "fuente": "GFW / Sentinel-1"}}, {"type": "Feature", "geometry": {"type": "Point", "coordinates": [-72.97000122070312, -41.55]}, "properties": {"matched": true, "detecciones": 1, "fecha": "2026-10-02", "fuente": "GFW / Sentinel-1"}}, {"type": "Feature", "geometry": {"type": "Point", "coordinates": [-72.4000015258789, -41.68]}, "properties": {"matched": true, "detecciones": 1, "fecha": "2026-09-21", "fuente": "GFW / Sentinel-1"}}, {"type": "Feature", "geometry": {"type": "Point", "coordinates": [-73.22000122070312, -36.26]}, "properties": {"matched": true, "detecciones": 1, "fecha": "2026-10-02", "fuente": "GFW / Sentinel-1"}}, {"type": "Feature", "geometry": {"type": "Point", "coordinates": [-64.9800033569336, -41.68]}, "properties": {"matched": true, "detecciones": 1, "fecha": "2026-09-30", "fuente": "GFW / Sentinel-1"}}, {"type": "Feature", "geometry": {"type": "Point", "coordinates": [-52.15999984741211, -33.49]}, "properties": {"matched": true, "detecciones": 1, "fecha": "2026-09-30", "fuente": "GFW / Sentinel-1"}}, {"type": "Feature", "geometry": {"type": "Point", "coordinates": [-70.8499984741211, -53.09]}, "properties": {"matched": true, "detecciones": 1, "fecha": "2026-09-12", "fuente": "GFW / Sentinel-1"}}, {"type": "Feature", "geometry": {"type": "Point", "coordinates": [-73.05000305175781, -41.63]}, "properties": {"matched": true, "detecciones": 1, "fecha": "2026-10-02", "fuente": "GFW / Sentinel-1"}}, {"type": "Feature", "geometry": {"type": "Point", "coordinates": [-73.4000015258789, -43.99]}, "properties": {"matched": true, "detecciones": 1, "fecha": "2026-09-19", "fuente": "GFW / Sentinel-1"}}, {"type": "Feature", "geometry": {"type": "Point", "coordinates": [-73.01000213623047, -41.53]}, "properties": {"matched": true, "detecciones": 1, "fecha": "2026-09-19", "fuente": "GFW / Sentinel-1"}}, {"type": "Feature", "geometry": {"type": "Point", "coordinates": [-67, -45.85]}, "properties": {"matched": true, "detecciones": 1, "fecha": "2026-09-13", "fuente": "GFW / Sentinel-1"}}, {"type": "Feature", "geometry": {"type": "Point", "coordinates": [-70.83000183105469, -56.1]}, "properties": {"matched": true, "detecciones": 1, "fecha": "2026-09-18", "fuente": "GFW / Sentinel-1"}}, {"type": "Feature", "geometry": {"type": "Point", "coordinates": [-73.41000366210938, -42.79]}, "properties": {"matched": true, "detecciones": 1, "fecha": "2026-09-27", "fuente": "GFW / Sentinel-1"}}, {"type": "Feature", "geometry": {"type": "Point", "coordinates": [-61.52000045776367, -39.32]}, "properties": {"matched": true, "detecciones": 1, "fecha": "2026-09-20", "fuente": "GFW / Sentinel-1"}}, {"type": "Feature", "geometry": {"type": "Point", "coordinates": [-73.5, -44.66]}, "properties": {"matched": true, "detecciones": 1, "fecha": "2026-09-21", "fuente": "GFW / Sentinel-1"}}, {"type": "Feature", "geometry": {"type": "Point", "coordinates": [-73.16000366210938, -42.6]}, "properties": {"matched": true, "detecciones": 1, "fecha": "2026-09-15", "fuente": "GFW / Sentinel-1"}}, {"type": "Feature", "geometry": {"type": "Point", "coordinates": [-73.48999786376953, -41.82]}, "properties": {"matched": true, "detecciones": 1, "fecha": "2026-10-03", "fuente": "GFW / Sentinel-1"}}, {"type": "Feature", "geometry": {"type": "Point", "coordinates": [-73.94999694824219, -41.7]}, "properties": {"matched": true, "detecciones": 1, "fecha": "2026-09-15", "fuente": "GFW / Sentinel-1"}}, {"type": "Feature", "geometry": {"type": "Point", "coordinates": [-73.66000366210938, -53.03]}, "properties": {"matched": true, "detecciones": 1, "fecha": "2026-09-29", "fuente": "GFW / Sentinel-1"}}, {"type": "Feature", "geometry": {"type": "Point", "coordinates": [-73.12000274658203, -43.27]}, "properties": {"matched": true, "detecciones": 1, "fecha": "2026-10-03", "fuente": "GFW / Sentinel-1"}}, {"type": "Feature", "geometry": {"type": "Point", "coordinates": [-68.08000183105469, -54.88]}, "properties": {"matched": true, "detecciones": 1, "fecha": "2026-09-25", "fuente": "GFW / Sentinel-1"}}, {"type": "Feature", "geometry": {"type": "Point", "coordinates": [-67.83000183105469, -52.48]}, "properties": {"matched": true, "detecciones": 1, "fecha": "2026-09-19", "fuente": "GFW / Sentinel-1"}}, {"type": "Feature", "geometry": {"type": "Point", "coordinates": [-73.02999877929688, -42.32]}, "properties": {"matched": true, "detecciones": 1, "fecha": "2026-09-20", "fuente": "GFW / Sentinel-1"}}, {"type": "Feature", "geometry": {"type": "Point", "coordinates": [-73.68000030517578, -51.88]}, "properties": {"matched": true, "detecciones": 1, "fecha": "2026-09-29", "fuente": "GFW / Sentinel-1"}}, {"type": "Feature", "geometry": {"type": "Point", "coordinates": [-73.4800033569336, -43.33]}, "properties": {"matched": true, "detecciones": 1, "fecha": "2026-09-09", "fuente": "GFW / Sentinel-1"}}, {"type": "Feature", "geometry": {"type": "Point", "coordinates": [-73.38999938964844, -43.92]}, "properties": {"matched": true, "detecciones": 1, "fecha": "2026-09-09", "fuente": "GFW / Sentinel-1"}}, {"type": "Feature", "geometry": {"type": "Point", "coordinates": [-73.0199966430664, -36.69]}, "properties": {"matched": true, "detecciones": 1, "fecha": "2026-09-15", "fuente": "GFW / Sentinel-1"}}, {"type": "Feature", "geometry": {"type": "Point", "coordinates": [-73.63999938964844, -43.28]}, "properties": {"matched": true, "detecciones": 1, "fecha": "2026-09-15", "fuente": "GFW / Sentinel-1"}}, {"type": "Feature", "geometry": {"type": "Point", "coordinates": [-73.51000213623047, -44.75]}, "properties": {"matched": true, "detecciones": 1, "fecha": "2026-09-27", "fuente": "GFW / Sentinel-1"}}, {"type": "Feature", "geometry": {"type": "Point", "coordinates": [-72.97000122070312, -36.43]}, "properties": {"matched": true, "detecciones": 1, "fecha": "2026-09-15", "fuente": "GFW / Sentinel-1"}}, {"type": "Feature", "geometry": {"type": "Point", "coordinates": [-72.86000061035156, -51.93]}, "properties": {"matched": true, "detecciones": 1, "fecha": "2026-09-12", "fuente": "GFW / Sentinel-1"}}, {"type": "Feature", "geometry": {"type": "Point", "coordinates": [-71.79000091552734, -33.55]}, "properties": {"matched": true, "detecciones": 1, "fecha": "2026-09-27", "fuente": "GFW / Sentinel-1"}}, {"type": "Feature", "geometry": {"type": "Point", "coordinates": [-70.88999938964844, -53.18]}, "properties": {"matched": true, "detecciones": 1, "fecha": "2026-09-24", "fuente": "GFW / Sentinel-1"}}, {"type": "Feature", "geometry": {"type": "Point", "coordinates": [-73.6500015258789, -45.16]}, "properties": {"matched": true, "detecciones": 1, "fecha": "2026-09-15", "fuente": "GFW / Sentinel-1"}}, {"type": "Feature", "geometry": {"type": "Point", "coordinates": [-73.4000015258789, -45]}, "properties": {"matched": true, "detecciones": 1, "fecha": "2026-09-27", "fuente": "GFW / Sentinel-1"}}, {"type": "Feature", "geometry": {"type": "Point", "coordinates": [-73.33999633789062, -43.5]}, "properties": {"matched": true, "detecciones": 1, "fecha": "2026-09-09", "fuente": "GFW / Sentinel-1"}}, {"type": "Feature", "geometry": {"type": "Point", "coordinates": [-61.54999923706055, -39.3]}, "properties": {"matched": true, "detecciones": 1, "fecha": "2026-09-14", "fuente": "GFW / Sentinel-1"}}, {"type": "Feature", "geometry": {"type": "Point", "coordinates": [-73.41999816894531, -43.65]}, "properties": {"matched": true, "detecciones": 1, "fecha": "2026-09-21", "fuente": "GFW / Sentinel-1"}}, {"type": "Feature", "geometry": {"type": "Point", "coordinates": [-72.69999694824219, -44.59]}, "properties": {"matched": true, "detecciones": 1, "fecha": "2026-09-19", "fuente": "GFW / Sentinel-1"}}, {"type": "Feature", "geometry": {"type": "Point", "coordinates": [-73.19000244140625, -36.73]}, "properties": {"matched": true, "detecciones": 1, "fecha": "2026-09-20", "fuente": "GFW / Sentinel-1"}}, {"type": "Feature", "geometry": {"type": "Point", "coordinates": [-64.98999786376953, -41.68]}, "properties": {"matched": true, "detecciones": 1, "fecha": "2026-09-13", "fuente": "GFW / Sentinel-1"}}, {"type": "Feature", "geometry": {"type": "Point", "coordinates": [-69.51000213623047, -52.48]}, "properties": {"matched": true, "detecciones": 1, "fecha": "2026-09-19", "fuente": "GFW / Sentinel-1"}}, {"type": "Feature", "geometry": {"type": "Point", "coordinates": [-73.68000030517578, -45.36]}, "properties": {"matched": true, "detecciones": 1, "fecha": "2026-09-19", "fuente": "GFW / Sentinel-1"}}, {"type": "Feature", "geometry": {"type": "Point", "coordinates": [-73.06999969482422, -36.68]}, "properties": {"matched": true, "detecciones": 2, "fecha": "2026-09-20", "fuente": "GFW / Sentinel-1"}}, {"type": "Feature", "geometry": {"type": "Point", "coordinates": [-73.48999786376953, -44.74]}, "properties": {"matched": true, "detecciones": 1, "fecha": "2026-09-24", "fuente": "GFW / Sentinel-1"}}, {"type": "Feature", "geometry": {"type": "Point", "coordinates": [-73.62999725341797, -42.67]}, "properties": {"matched": true, "detecciones": 1, "fecha": "2026-09-09", "fuente": "GFW / Sentinel-1"}}, {"type": "Feature", "geometry": {"type": "Point", "coordinates": [-73.43000030517578, -44.3]}, "properties": {"matched": true, "detecciones": 1, "fecha": "2026-09-10", "fuente": "GFW / Sentinel-1"}}, {"type": "Feature", "geometry": {"type": "Point", "coordinates": [-73.04000091552734, -36.67]}, "properties": {"matched": true, "detecciones": 1, "fecha": "2026-09-20", "fuente": "GFW / Sentinel-1"}}, {"type": "Feature", "geometry": {"type": "Point", "coordinates": [-72.97000122070312, -41.52]}, "properties": {"matched": true, "detecciones": 1, "fecha": "2026-09-27", "fuente": "GFW / Sentinel-1"}}, {"type": "Feature", "geometry": {"type": "Point", "coordinates": [-73.26000213623047, -42.01]}, "properties": {"matched": true, "detecciones": 1, "fecha": "2026-09-20", "fuente": "GFW / Sentinel-1"}}, {"type": "Feature", "geometry": {"type": "Point", "coordinates": [-61.880001068115234, -39]}, "properties": {"matched": true, "detecciones": 1, "fecha": "2026-09-14", "fuente": "GFW / Sentinel-1"}}, {"type": "Feature", "geometry": {"type": "Point", "coordinates": [-73.27999877929688, -42.1]}, "properties": {"matched": true, "detecciones": 1, "fecha": "2026-09-19", "fuente": "GFW / Sentinel-1"}}, {"type": "Feature", "geometry": {"type": "Point", "coordinates": [-52.2400016784668, -33.15]}, "properties": {"matched": true, "detecciones": 1, "fecha": "2026-09-18", "fuente": "GFW / Sentinel-1"}}, {"type": "Feature", "geometry": {"type": "Point", "coordinates": [-67.33000183105469, -45.76]}, "properties": {"matched": true, "detecciones": 1, "fecha": "2026-09-30", "fuente": "GFW / Sentinel-1"}}, {"type": "Feature", "geometry": {"type": "Point", "coordinates": [-73.51000213623047, -44.67]}, "properties": {"matched": true, "detecciones": 1, "fecha": "2026-09-27", "fuente": "GFW / Sentinel-1"}}, {"type": "Feature", "geometry": {"type": "Point", "coordinates": [-58.7400016784668, -38.69]}, "properties": {"matched": true, "detecciones": 1, "fecha": "2026-10-03", "fuente": "GFW / Sentinel-1"}}, {"type": "Feature", "geometry": {"type": "Point", "coordinates": [-67.19000244140625, -45.84]}, "properties": {"matched": true, "detecciones": 1, "fecha": "2026-09-25", "fuente": "GFW / Sentinel-1"}}, {"type": "Feature", "geometry": {"type": "Point", "coordinates": [-73.83999633789062, -44.98]}, "properties": {"matched": true, "detecciones": 1, "fecha": "2026-09-09", "fuente": "GFW / Sentinel-1"}}, {"type": "Feature", "geometry": {"type": "Point", "coordinates": [-73.2699966430664, -53.24]}, "properties": {"matched": true, "detecciones": 1, "fecha": "2026-09-12", "fuente": "GFW / Sentinel-1"}}, {"type": "Feature", "geometry": {"type": "Point", "coordinates": [-73.62999725341797, -45.19]}, "properties": {"matched": true, "detecciones": 1, "fecha": "2026-09-19", "fuente": "GFW / Sentinel-1"}}, {"type": "Feature", "geometry": {"type": "Point", "coordinates": [-61.77000045776367, -39.13]}, "properties": {"matched": true, "detecciones": 1, "fecha": "2026-09-26", "fuente": "GFW / Sentinel-1"}}, {"type": "Feature", "geometry": {"type": "Point", "coordinates": [-70.94999694824219, -53.78]}, "properties": {"matched": true, "detecciones": 1, "fecha": "2026-09-30", "fuente": "GFW / Sentinel-1"}}, {"type": "Feature", "geometry": {"type": "Point", "coordinates": [-73.16999816894531, -36.67]}, "properties": {"matched": true, "detecciones": 1, "fecha": "2026-09-15", "fuente": "GFW / Sentinel-1"}}, {"type": "Feature", "geometry": {"type": "Point", "coordinates": [-58.709999084472656, -39.21]}, "properties": {"matched": true, "detecciones": 1, "fecha": "2026-09-21", "fuente": "GFW / Sentinel-1"}}, {"type": "Feature", "geometry": {"type": "Point", "coordinates": [-73.43000030517578, -44.2]}, "properties": {"matched": true, "detecciones": 1, "fecha": "2026-09-12", "fuente": "GFW / Sentinel-1"}}, {"type": "Feature", "geometry": {"type": "Point", "coordinates": [-58.5099983215332, -39.53]}, "properties": {"matched": true, "detecciones": 1, "fecha": "2026-10-03", "fuente": "GFW / Sentinel-1"}}, {"type": "Feature", "geometry": {"type": "Point", "coordinates": [-67.01000213623047, -45.74]}, "properties": {"matched": true, "detecciones": 1, "fecha": "2026-09-18", "fuente": "GFW / Sentinel-1"}}, {"type": "Feature", "geometry": {"type": "Point", "coordinates": [-72.33999633789062, -53.57]}, "properties": {"matched": true, "detecciones": 1, "fecha": "2026-09-12", "fuente": "GFW / Sentinel-1"}}, {"type": "Feature", "geometry": {"type": "Point", "coordinates": [-71.68000030517578, -33.59]}, "properties": {"matched": true, "detecciones": 1, "fecha": "2026-09-20", "fuente": "GFW / Sentinel-1"}}, {"type": "Feature", "geometry": {"type": "Point", "coordinates": [-73.26000213623047, -42.06]}, "properties": {"matched": true, "detecciones": 1, "fecha": "2026-09-15", "fuente": "GFW / Sentinel-1"}}, {"type": "Feature", "geometry": {"type": "Point", "coordinates": [-72.98999786376953, -42.06]}, "properties": {"matched": true, "detecciones": 1, "fecha": "2026-09-27", "fuente": "GFW / Sentinel-1"}}, {"type": "Feature", "geometry": {"type": "Point", "coordinates": [-73.4800033569336, -43.4]}, "properties": {"matched": true, "detecciones": 1, "fecha": "2026-09-27", "fuente": "GFW / Sentinel-1"}}, {"type": "Feature", "geometry": {"type": "Point", "coordinates": [-71.6500015258789, -33.59]}, "properties": {"matched": true, "detecciones": 1, "fecha": "2026-09-28", "fuente": "GFW / Sentinel-1"}}, {"type": "Feature", "geometry": {"type": "Point", "coordinates": [-73.12999725341797, -41.79]}, "properties": {"matched": true, "detecciones": 1, "fecha": "2026-09-19", "fuente": "GFW / Sentinel-1"}}, {"type": "Feature", "geometry": {"type": "Point", "coordinates": [-73.19000244140625, -42.65]}, "properties": {"matched": true, "detecciones": 1, "fecha": "2026-09-19", "fuente": "GFW / Sentinel-1"}}, {"type": "Feature", "geometry": {"type": "Point", "coordinates": [-73.44999694824219, -44.4]}, "properties": {"matched": true, "detecciones": 1, "fecha": "2026-09-24", "fuente": "GFW / Sentinel-1"}}, {"type": "Feature", "geometry": {"type": "Point", "coordinates": [-73.94000244140625, -52.91]}, "properties": {"matched": true, "detecciones": 1, "fecha": "2026-09-24", "fuente": "GFW / Sentinel-1"}}, {"type": "Feature", "geometry": {"type": "Point", "coordinates": [-58.029998779296875, -38.98]}, "properties": {"matched": true, "detecciones": 1, "fecha": "2026-09-09", "fuente": "GFW / Sentinel-1"}}, {"type": "Feature", "geometry": {"type": "Point", "coordinates": [-72.4800033569336, -34.71]}, "properties": {"matched": true, "detecciones": 1, "fecha": "2026-09-20", "fuente": "GFW / Sentinel-1"}}, {"type": "Feature", "geometry": {"type": "Point", "coordinates": [-73.38999938964844, -43.15]}, "properties": {"matched": true, "detecciones": 1, "fecha": "2026-09-21", "fuente": "GFW / Sentinel-1"}}, {"type": "Feature", "geometry": {"type": "Point", "coordinates": [-72.88999938964844, -42.65]}, "properties": {"matched": true, "detecciones": 1, "fecha": "2026-09-09", "fuente": "GFW / Sentinel-1"}}, {"type": "Feature", "geometry": {"type": "Point", "coordinates": [-73.4800033569336, -41.82]}, "properties": {"matched": true, "detecciones": 1, "fecha": "2026-09-21", "fuente": "GFW / Sentinel-1"}}, {"type": "Feature", "geometry": {"type": "Point", "coordinates": [-67.13999938964844, -55.33]}, "properties": {"matched": true, "detecciones": 1, "fecha": "2026-09-25", "fuente": "GFW / Sentinel-1"}}, {"type": "Feature", "geometry": {"type": "Point", "coordinates": [-72.98999786376953, -36.69]}, "properties": {"matched": true, "detecciones": 1, "fecha": "2026-09-15", "fuente": "GFW / Sentinel-1"}}, {"type": "Feature", "geometry": {"type": "Point", "coordinates": [-73, -52.11]}, "properties": {"matched": true, "detecciones": 1, "fecha": "2026-09-29", "fuente": "GFW / Sentinel-1"}}, {"type": "Feature", "geometry": {"type": "Point", "coordinates": [-73.30999755859375, -43.27]}, "properties": {"matched": true, "detecciones": 1, "fecha": "2026-10-03", "fuente": "GFW / Sentinel-1"}}, {"type": "Feature", "geometry": {"type": "Point", "coordinates": [-73.04000091552734, -36.71]}, "properties": {"matched": true, "detecciones": 1, "fecha": "2026-09-20", "fuente": "GFW / Sentinel-1"}}, {"type": "Feature", "geometry": {"type": "Point", "coordinates": [-63.790000915527344, -53.77]}, "properties": {"matched": true, "detecciones": 1, "fecha": "2026-09-20", "fuente": "GFW / Sentinel-1"}}, {"type": "Feature", "geometry": {"type": "Point", "coordinates": [-52.27000045776367, -34.22]}, "properties": {"matched": true, "detecciones": 1, "fecha": "2026-09-23", "fuente": "GFW / Sentinel-1"}}, {"type": "Feature", "geometry": {"type": "Point", "coordinates": [-61.18000030517578, -39.74]}, "properties": {"matched": true, "detecciones": 1, "fecha": "2026-09-14", "fuente": "GFW / Sentinel-1"}}, {"type": "Feature", "geometry": {"type": "Point", "coordinates": [-72.73999786376953, -42.18]}, "properties": {"matched": true, "detecciones": 1, "fecha": "2026-09-26", "fuente": "GFW / Sentinel-1"}}, {"type": "Feature", "geometry": {"type": "Point", "coordinates": [-73.43000030517578, -44.3]}, "properties": {"matched": true, "detecciones": 1, "fecha": "2026-09-22", "fuente": "GFW / Sentinel-1"}}, {"type": "Feature", "geometry": {"type": "Point", "coordinates": [-73.98999786376953, -37.83]}, "properties": {"matched": true, "detecciones": 1, "fecha": "2026-09-14", "fuente": "GFW / Sentinel-1"}}, {"type": "Feature", "geometry": {"type": "Point", "coordinates": [-72.27999877929688, -33.69]}, "properties": {"matched": true, "detecciones": 1, "fecha": "2026-09-20", "fuente": "GFW / Sentinel-1"}}, {"type": "Feature", "geometry": {"type": "Point", "coordinates": [-64.0199966430664, -43]}, "properties": {"matched": true, "detecciones": 1, "fecha": "2026-09-13", "fuente": "GFW / Sentinel-1"}}, {"type": "Feature", "geometry": {"type": "Point", "coordinates": [-73.2300033569336, -36.78]}, "properties": {"matched": true, "detecciones": 1, "fecha": "2026-09-26", "fuente": "GFW / Sentinel-1"}}, {"type": "Feature", "geometry": {"type": "Point", "coordinates": [-64.87999725341797, -41.19]}, "properties": {"matched": true, "detecciones": 1, "fecha": "2026-09-18", "fuente": "GFW / Sentinel-1"}}, {"type": "Feature", "geometry": {"type": "Point", "coordinates": [-71.95999908447266, -54.43]}, "properties": {"matched": true, "detecciones": 1, "fecha": "2026-09-30", "fuente": "GFW / Sentinel-1"}}, {"type": "Feature", "geometry": {"type": "Point", "coordinates": [-52.15999984741211, -33.62]}, "properties": {"matched": true, "detecciones": 1, "fecha": "2026-09-23", "fuente": "GFW / Sentinel-1"}}, {"type": "Feature", "geometry": {"type": "Point", "coordinates": [-73.62000274658203, -43.38]}, "properties": {"matched": true, "detecciones": 1, "fecha": "2026-09-27", "fuente": "GFW / Sentinel-1"}}, {"type": "Feature", "geometry": {"type": "Point", "coordinates": [-73.52999877929688, -52.07]}, "properties": {"matched": true, "detecciones": 1, "fecha": "2026-09-17", "fuente": "GFW / Sentinel-1"}}, {"type": "Feature", "geometry": {"type": "Point", "coordinates": [-61.04999923706055, -39.31]}, "properties": {"matched": true, "detecciones": 1, "fecha": "2026-09-26", "fuente": "GFW / Sentinel-1"}}, {"type": "Feature", "geometry": {"type": "Point", "coordinates": [-73.04000091552734, -41.65]}, "properties": {"matched": true, "detecciones": 1, "fecha": "2026-10-03", "fuente": "GFW / Sentinel-1"}}, {"type": "Feature", "geometry": {"type": "Point", "coordinates": [-62.11000061035156, -38.92]}, "properties": {"matched": true, "detecciones": 1, "fecha": "2026-09-13", "fuente": "GFW / Sentinel-1"}}, {"type": "Feature", "geometry": {"type": "Point", "coordinates": [-73.54000091552734, -43.87]}, "properties": {"matched": true, "detecciones": 1, "fecha": "2026-10-03", "fuente": "GFW / Sentinel-1"}}, {"type": "Feature", "geometry": {"type": "Point", "coordinates": [-73.61000061035156, -43.14]}, "properties": {"matched": true, "detecciones": 1, "fecha": "2026-10-03", "fuente": "GFW / Sentinel-1"}}, {"type": "Feature", "geometry": {"type": "Point", "coordinates": [-73.48999786376953, -41.81]}, "properties": {"matched": true, "detecciones": 1, "fecha": "2026-09-20", "fuente": "GFW / Sentinel-1"}}, {"type": "Feature", "geometry": {"type": "Point", "coordinates": [-66.55999755859375, -45.82]}, "properties": {"matched": true, "detecciones": 1, "fecha": "2026-09-25", "fuente": "GFW / Sentinel-1"}}, {"type": "Feature", "geometry": {"type": "Point", "coordinates": [-64.87999725341797, -43.39]}, "properties": {"matched": true, "detecciones": 1, "fecha": "2026-09-25", "fuente": "GFW / Sentinel-1"}}, {"type": "Feature", "geometry": {"type": "Point", "coordinates": [-70.41000366210938, -52.74]}, "properties": {"matched": true, "detecciones": 1, "fecha": "2026-09-24", "fuente": "GFW / Sentinel-1"}}, {"type": "Feature", "geometry": {"type": "Point", "coordinates": [-72.83999633789062, -42.87]}, "properties": {"matched": true, "detecciones": 1, "fecha": "2026-09-27", "fuente": "GFW / Sentinel-1"}}, {"type": "Feature", "geometry": {"type": "Point", "coordinates": [-73.02999877929688, -41.98]}, "properties": {"matched": true, "detecciones": 1, "fecha": "2026-10-03", "fuente": "GFW / Sentinel-1"}}, {"type": "Feature", "geometry": {"type": "Point", "coordinates": [-73.33000183105469, -43.89]}, "properties": {"matched": true, "detecciones": 1, "fecha": "2026-10-03", "fuente": "GFW / Sentinel-1"}}, {"type": "Feature", "geometry": {"type": "Point", "coordinates": [-70.68000030517578, -53.05]}, "properties": {"matched": true, "detecciones": 1, "fecha": "2026-09-12", "fuente": "GFW / Sentinel-1"}}, {"type": "Feature", "geometry": {"type": "Point", "coordinates": [-73.01000213623047, -36.7]}, "properties": {"matched": true, "detecciones": 1, "fecha": "2026-09-15", "fuente": "GFW / Sentinel-1"}}, {"type": "Feature", "geometry": {"type": "Point", "coordinates": [-73.87999725341797, -38.22]}, "properties": {"matched": true, "detecciones": 1, "fecha": "2026-09-14", "fuente": "GFW / Sentinel-1"}}, {"type": "Feature", "geometry": {"type": "Point", "coordinates": [-73.56999969482422, -44.96]}, "properties": {"matched": true, "detecciones": 1, "fecha": "2026-09-12", "fuente": "GFW / Sentinel-1"}}, {"type": "Feature", "geometry": {"type": "Point", "coordinates": [-73, -42.13]}, "properties": {"matched": true, "detecciones": 1, "fecha": "2026-09-26", "fuente": "GFW / Sentinel-1"}}, {"type": "Feature", "geometry": {"type": "Point", "coordinates": [-66.94999694824219, -45.83]}, "properties": {"matched": true, "detecciones": 1, "fecha": "2026-09-13", "fuente": "GFW / Sentinel-1"}}, {"type": "Feature", "geometry": {"type": "Point", "coordinates": [-70.83000183105469, -54.9]}, "properties": {"matched": true, "detecciones": 1, "fecha": "2026-10-06", "fuente": "GFW / Sentinel-1"}}, {"type": "Feature", "geometry": {"type": "Point", "coordinates": [-60.11000061035156, -39.34]}, "properties": {"matched": true, "detecciones": 1, "fecha": "2026-09-15", "fuente": "GFW / Sentinel-1"}}, {"type": "Feature", "geometry": {"type": "Point", "coordinates": [-72.73999786376953, -33.16]}, "properties": {"matched": true, "detecciones": 1, "fecha": "2026-09-20", "fuente": "GFW / Sentinel-1"}}, {"type": "Feature", "geometry": {"type": "Point", "coordinates": [-72.66000366210938, -41.72]}, "properties": {"matched": true, "detecciones": 1, "fecha": "2026-09-27", "fuente": "GFW / Sentinel-1"}}, {"type": "Feature", "geometry": {"type": "Point", "coordinates": [-52.290000915527344, -33.65]}, "properties": {"matched": true, "detecciones": 1, "fecha": "2026-09-23", "fuente": "GFW / Sentinel-1"}}, {"type": "Feature", "geometry": {"type": "Point", "coordinates": [-71.66000366210938, -33.61]}, "properties": {"matched": true, "detecciones": 1, "fecha": "2026-09-27", "fuente": "GFW / Sentinel-1"}}, {"type": "Feature", "geometry": {"type": "Point", "coordinates": [-59.560001373291016, -39.08]}, "properties": {"matched": true, "detecciones": 1, "fecha": "2026-10-03", "fuente": "GFW / Sentinel-1"}}, {"type": "Feature", "geometry": {"type": "Point", "coordinates": [-73.01000213623047, -42.27]}, "properties": {"matched": true, "detecciones": 1, "fecha": "2026-09-21", "fuente": "GFW / Sentinel-1"}}, {"type": "Feature", "geometry": {"type": "Point", "coordinates": [-67.31999969482422, -45.99]}, "properties": {"matched": true, "detecciones": 1, "fecha": "2026-09-25", "fuente": "GFW / Sentinel-1"}}, {"type": "Feature", "geometry": {"type": "Point", "coordinates": [-73.12000274658203, -42.51]}, "properties": {"matched": true, "detecciones": 1, "fecha": "2026-10-02", "fuente": "GFW / Sentinel-1"}}, {"type": "Feature", "geometry": {"type": "Point", "coordinates": [-64.1500015258789, -42.91]}, "properties": {"matched": true, "detecciones": 1, "fecha": "2026-09-13", "fuente": "GFW / Sentinel-1"}}, {"type": "Feature", "geometry": {"type": "Point", "coordinates": [-73.12000274658203, -43.14]}, "properties": {"matched": true, "detecciones": 1, "fecha": "2026-09-19", "fuente": "GFW / Sentinel-1"}}, {"type": "Feature", "geometry": {"type": "Point", "coordinates": [-65, -41.71]}, "properties": {"matched": true, "detecciones": 1, "fecha": "2026-09-30", "fuente": "GFW / Sentinel-1"}}, {"type": "Feature", "geometry": {"type": "Point", "coordinates": [-72.73999786376953, -44.65]}, "properties": {"matched": true, "detecciones": 1, "fecha": "2026-09-15", "fuente": "GFW / Sentinel-1"}}, {"type": "Feature", "geometry": {"type": "Point", "coordinates": [-72.95999908447266, -42.04]}, "properties": {"matched": true, "detecciones": 1, "fecha": "2026-09-20", "fuente": "GFW / Sentinel-1"}}, {"type": "Feature", "geometry": {"type": "Point", "coordinates": [-73.4000015258789, -42.35]}, "properties": {"matched": true, "detecciones": 1, "fecha": "2026-09-21", "fuente": "GFW / Sentinel-1"}}, {"type": "Feature", "geometry": {"type": "Point", "coordinates": [-73.29000091552734, -42.17]}, "properties": {"matched": true, "detecciones": 1, "fecha": "2026-09-19", "fuente": "GFW / Sentinel-1"}}, {"type": "Feature", "geometry": {"type": "Point", "coordinates": [-65.12000274658203, -41.11]}, "properties": {"matched": true, "detecciones": 1, "fecha": "2026-09-30", "fuente": "GFW / Sentinel-1"}}, {"type": "Feature", "geometry": {"type": "Point", "coordinates": [-61.54999923706055, -39.32]}, "properties": {"matched": true, "detecciones": 1, "fecha": "2026-09-14", "fuente": "GFW / Sentinel-1"}}, {"type": "Feature", "geometry": {"type": "Point", "coordinates": [-70.83000183105469, -56.1]}, "properties": {"matched": true, "detecciones": 1, "fecha": "2026-09-18", "fuente": "GFW / Sentinel-1"}}, {"type": "Feature", "geometry": {"type": "Point", "coordinates": [-73.30999755859375, -42.22]}, "properties": {"matched": true, "detecciones": 1, "fecha": "2026-10-03", "fuente": "GFW / Sentinel-1"}}, {"type": "Feature", "geometry": {"type": "Point", "coordinates": [-73.26000213623047, -42.37]}, "properties": {"matched": true, "detecciones": 1, "fecha": "2026-10-03", "fuente": "GFW / Sentinel-1"}}, {"type": "Feature", "geometry": {"type": "Point", "coordinates": [-73.43000030517578, -44.27]}, "properties": {"matched": true, "detecciones": 1, "fecha": "2026-09-19", "fuente": "GFW / Sentinel-1"}}, {"type": "Feature", "geometry": {"type": "Point", "coordinates": [-73.44000244140625, -44.36]}, "properties": {"matched": true, "detecciones": 1, "fecha": "2026-10-04", "fuente": "GFW / Sentinel-1"}}, {"type": "Feature", "geometry": {"type": "Point", "coordinates": [-65, -41.67]}, "properties": {"matched": true, "detecciones": 1, "fecha": "2026-09-25", "fuente": "GFW / Sentinel-1"}}, {"type": "Feature", "geometry": {"type": "Point", "coordinates": [-51.91999816894531, -33.56]}, "properties": {"matched": true, "detecciones": 1, "fecha": "2026-09-30", "fuente": "GFW / Sentinel-1"}}, {"type": "Feature", "geometry": {"type": "Point", "coordinates": [-72.87000274658203, -51.95]}, "properties": {"matched": true, "detecciones": 1, "fecha": "2026-10-06", "fuente": "GFW / Sentinel-1"}}, {"type": "Feature", "geometry": {"type": "Point", "coordinates": [-73.37000274658203, -43.52]}, "properties": {"matched": true, "detecciones": 1, "fecha": "2026-09-21", "fuente": "GFW / Sentinel-1"}}, {"type": "Feature", "geometry": {"type": "Point", "coordinates": [-52.43000030517578, -33.72]}, "properties": {"matched": true, "detecciones": 1, "fecha": "2026-09-23", "fuente": "GFW / Sentinel-1"}}, {"type": "Feature", "geometry": {"type": "Point", "coordinates": [-72.88999938964844, -42.12]}, "properties": {"matched": true, "detecciones": 1, "fecha": "2026-09-15", "fuente": "GFW / Sentinel-1"}}, {"type": "Feature", "geometry": {"type": "Point", "coordinates": [-64.98999786376953, -41.71]}, "properties": {"matched": true, "detecciones": 1, "fecha": "2026-09-30", "fuente": "GFW / Sentinel-1"}}, {"type": "Feature", "geometry": {"type": "Point", "coordinates": [-64.98999786376953, -41.68]}, "properties": {"matched": true, "detecciones": 1, "fecha": "2026-09-25", "fuente": "GFW / Sentinel-1"}}, {"type": "Feature", "geometry": {"type": "Point", "coordinates": [-73.0199966430664, -42.02]}, "properties": {"matched": true, "detecciones": 1, "fecha": "2026-09-20", "fuente": "GFW / Sentinel-1"}}, {"type": "Feature", "geometry": {"type": "Point", "coordinates": [-73.51000213623047, -44.78]}, "properties": {"matched": true, "detecciones": 1, "fecha": "2026-09-24", "fuente": "GFW / Sentinel-1"}}, {"type": "Feature", "geometry": {"type": "Point", "coordinates": [-67.36000061035156, -45.74]}, "properties": {"matched": true, "detecciones": 1, "fecha": "2026-09-25", "fuente": "GFW / Sentinel-1"}}, {"type": "Feature", "geometry": {"type": "Point", "coordinates": [-72.38999938964844, -33.49]}, "properties": {"matched": true, "detecciones": 1, "fecha": "2026-09-27", "fuente": "GFW / Sentinel-1"}}, {"type": "Feature", "geometry": {"type": "Point", "coordinates": [-59.939998626708984, -39.21]}, "properties": {"matched": true, "detecciones": 1, "fecha": "2026-09-14", "fuente": "GFW / Sentinel-1"}}, {"type": "Feature", "geometry": {"type": "Point", "coordinates": [-73.4800033569336, -44.51]}, "properties": {"matched": true, "detecciones": 1, "fecha": "2026-09-24", "fuente": "GFW / Sentinel-1"}}, {"type": "Feature", "geometry": {"type": "Point", "coordinates": [-67.36000061035156, -45.74]}, "properties": {"matched": true, "detecciones": 1, "fecha": "2026-09-13", "fuente": "GFW / Sentinel-1"}}, {"type": "Feature", "geometry": {"type": "Point", "coordinates": [-73.41000366210938, -43.95]}, "properties": {"matched": true, "detecciones": 1, "fecha": "2026-09-19", "fuente": "GFW / Sentinel-1"}}, {"type": "Feature", "geometry": {"type": "Point", "coordinates": [-73.44000244140625, -44.37]}, "properties": {"matched": true, "detecciones": 1, "fecha": "2026-09-24", "fuente": "GFW / Sentinel-1"}}, {"type": "Feature", "geometry": {"type": "Point", "coordinates": [-64.9800033569336, -41.66]}, "properties": {"matched": true, "detecciones": 1, "fecha": "2026-09-13", "fuente": "GFW / Sentinel-1"}}, {"type": "Feature", "geometry": {"type": "Point", "coordinates": [-71.55999755859375, -53.86]}, "properties": {"matched": true, "detecciones": 1, "fecha": "2026-09-30", "fuente": "GFW / Sentinel-1"}}, {"type": "Feature", "geometry": {"type": "Point", "coordinates": [-68.44000244140625, -52.71]}, "properties": {"matched": true, "detecciones": 1, "fecha": "2026-09-19", "fuente": "GFW / Sentinel-1"}}, {"type": "Feature", "geometry": {"type": "Point", "coordinates": [-73.05999755859375, -36.67]}, "properties": {"matched": true, "detecciones": 1, "fecha": "2026-09-27", "fuente": "GFW / Sentinel-1"}}, {"type": "Feature", "geometry": {"type": "Point", "coordinates": [-68.61000061035156, -54.91]}, "properties": {"matched": true, "detecciones": 1, "fecha": "2026-09-25", "fuente": "GFW / Sentinel-1"}}, {"type": "Feature", "geometry": {"type": "Point", "coordinates": [-73.41999816894531, -43.88]}, "properties": {"matched": true, "detecciones": 1, "fecha": "2026-09-15", "fuente": "GFW / Sentinel-1"}}, {"type": "Feature", "geometry": {"type": "Point", "coordinates": [-71.95999908447266, -33.71]}, "properties": {"matched": true, "detecciones": 1, "fecha": "2026-09-28", "fuente": "GFW / Sentinel-1"}}, {"type": "Feature", "geometry": {"type": "Point", "coordinates": [-61.79999923706055, -39.09]}, "properties": {"matched": true, "detecciones": 1, "fecha": "2026-09-26", "fuente": "GFW / Sentinel-1"}}, {"type": "Feature", "geometry": {"type": "Point", "coordinates": [-61.630001068115234, -39.33]}, "properties": {"matched": true, "detecciones": 1, "fecha": "2026-09-20", "fuente": "GFW / Sentinel-1"}}, {"type": "Feature", "geometry": {"type": "Point", "coordinates": [-73.19000244140625, -45.28]}, "properties": {"matched": true, "detecciones": 1, "fecha": "2026-09-09", "fuente": "GFW / Sentinel-1"}}, {"type": "Feature", "geometry": {"type": "Point", "coordinates": [-64.80999755859375, -41.1]}, "properties": {"matched": true, "detecciones": 1, "fecha": "2026-09-30", "fuente": "GFW / Sentinel-1"}}, {"type": "Feature", "geometry": {"type": "Point", "coordinates": [-72.66000366210938, -41.72]}, "properties": {"matched": true, "detecciones": 1, "fecha": "2026-09-26", "fuente": "GFW / Sentinel-1"}}, {"type": "Feature", "geometry": {"type": "Point", "coordinates": [-72.66999816894531, -41.73]}, "properties": {"matched": true, "detecciones": 1, "fecha": "2026-09-19", "fuente": "GFW / Sentinel-1"}}, {"type": "Feature", "geometry": {"type": "Point", "coordinates": [-73.23999786376953, -53.24]}, "properties": {"matched": true, "detecciones": 1, "fecha": "2026-09-17", "fuente": "GFW / Sentinel-1"}}, {"type": "Feature", "geometry": {"type": "Point", "coordinates": [-73.79000091552734, -44.78]}, "properties": {"matched": true, "detecciones": 1, "fecha": "2026-09-09", "fuente": "GFW / Sentinel-1"}}, {"type": "Feature", "geometry": {"type": "Point", "coordinates": [-73.18000030517578, -53.29]}, "properties": {"matched": true, "detecciones": 1, "fecha": "2026-09-24", "fuente": "GFW / Sentinel-1"}}, {"type": "Feature", "geometry": {"type": "Point", "coordinates": [-70.86000061035156, -53.17]}, "properties": {"matched": true, "detecciones": 2, "fecha": "2026-09-12", "fuente": "GFW / Sentinel-1"}}, {"type": "Feature", "geometry": {"type": "Point", "coordinates": [-73.48999786376953, -41.81]}, "properties": {"matched": true, "detecciones": 1, "fecha": "2026-09-26", "fuente": "GFW / Sentinel-1"}}, {"type": "Feature", "geometry": {"type": "Point", "coordinates": [-61.95000076293945, -38.99]}, "properties": {"matched": true, "detecciones": 1, "fecha": "2026-09-25", "fuente": "GFW / Sentinel-1"}}, {"type": "Feature", "geometry": {"type": "Point", "coordinates": [-73.9800033569336, -38.64]}, "properties": {"matched": true, "detecciones": 1, "fecha": "2026-10-02", "fuente": "GFW / Sentinel-1"}}, {"type": "Feature", "geometry": {"type": "Point", "coordinates": [-70.87000274658203, -53.63]}, "properties": {"matched": true, "detecciones": 1, "fecha": "2026-09-18", "fuente": "GFW / Sentinel-1"}}, {"type": "Feature", "geometry": {"type": "Point", "coordinates": [-52.150001525878906, -33.71]}, "properties": {"matched": true, "detecciones": 1, "fecha": "2026-09-23", "fuente": "GFW / Sentinel-1"}}, {"type": "Feature", "geometry": {"type": "Point", "coordinates": [-65.12000274658203, -41.13]}, "properties": {"matched": true, "detecciones": 1, "fecha": "2026-09-18", "fuente": "GFW / Sentinel-1"}}, {"type": "Feature", "geometry": {"type": "Point", "coordinates": [-70.95999908447266, -54.14]}, "properties": {"matched": true, "detecciones": 1, "fecha": "2026-09-18", "fuente": "GFW / Sentinel-1"}}, {"type": "Feature", "geometry": {"type": "Point", "coordinates": [-73.04000091552734, -36.7]}, "properties": {"matched": true, "detecciones": 1, "fecha": "2026-09-20", "fuente": "GFW / Sentinel-1"}}, {"type": "Feature", "geometry": {"type": "Point", "coordinates": [-64.97000122070312, -44.3]}, "properties": {"matched": true, "detecciones": 1, "fecha": "2026-09-13", "fuente": "GFW / Sentinel-1"}}, {"type": "Feature", "geometry": {"type": "Point", "coordinates": [-70.8499984741211, -53.11]}, "properties": {"matched": true, "detecciones": 1, "fecha": "2026-09-12", "fuente": "GFW / Sentinel-1"}}, {"type": "Feature", "geometry": {"type": "Point", "coordinates": [-67.44999694824219, -45.85]}, "properties": {"matched": true, "detecciones": 1, "fecha": "2026-09-18", "fuente": "GFW / Sentinel-1"}}, {"type": "Feature", "geometry": {"type": "Point", "coordinates": [-72.77999877929688, -51.89]}, "properties": {"matched": true, "detecciones": 1, "fecha": "2026-09-29", "fuente": "GFW / Sentinel-1"}}, {"type": "Feature", "geometry": {"type": "Point", "coordinates": [-70.56999969482422, -53.26]}, "properties": {"matched": true, "detecciones": 1, "fecha": "2026-09-12", "fuente": "GFW / Sentinel-1"}}, {"type": "Feature", "geometry": {"type": "Point", "coordinates": [-73.4800033569336, -44.89]}, "properties": {"matched": true, "detecciones": 1, "fecha": "2026-09-24", "fuente": "GFW / Sentinel-1"}}, {"type": "Feature", "geometry": {"type": "Point", "coordinates": [-68.13999938964844, -50.37]}, "properties": {"matched": true, "detecciones": 1, "fecha": "2026-09-19", "fuente": "GFW / Sentinel-1"}}, {"type": "Feature", "geometry": {"type": "Point", "coordinates": [-61.91999816894531, -38.98]}, "properties": {"matched": true, "detecciones": 1, "fecha": "2026-09-25", "fuente": "GFW / Sentinel-1"}}, {"type": "Feature", "geometry": {"type": "Point", "coordinates": [-73.45999908447266, -44.36]}, "properties": {"matched": true, "detecciones": 1, "fecha": "2026-10-04", "fuente": "GFW / Sentinel-1"}}, {"type": "Feature", "geometry": {"type": "Point", "coordinates": [-69.52999877929688, -52.44]}, "properties": {"matched": true, "detecciones": 1, "fecha": "2026-09-19", "fuente": "GFW / Sentinel-1"}}, {"type": "Feature", "geometry": {"type": "Point", "coordinates": [-73.3499984741211, -43.94]}, "properties": {"matched": true, "detecciones": 1, "fecha": "2026-10-03", "fuente": "GFW / Sentinel-1"}}, {"type": "Feature", "geometry": {"type": "Point", "coordinates": [-72.43000030517578, -34.63]}, "properties": {"matched": true, "detecciones": 1, "fecha": "2026-10-02", "fuente": "GFW / Sentinel-1"}}, {"type": "Feature", "geometry": {"type": "Point", "coordinates": [-71.91999816894531, -55.29]}, "properties": {"matched": true, "detecciones": 1, "fecha": "2026-09-12", "fuente": "GFW / Sentinel-1"}}, {"type": "Feature", "geometry": {"type": "Point", "coordinates": [-72.6500015258789, -41.72]}, "properties": {"matched": true, "detecciones": 1, "fecha": "2026-09-09", "fuente": "GFW / Sentinel-1"}}, {"type": "Feature", "geometry": {"type": "Point", "coordinates": [-72.72000122070312, -35.24]}, "properties": {"matched": true, "detecciones": 1, "fecha": "2026-09-20", "fuente": "GFW / Sentinel-1"}}, {"type": "Feature", "geometry": {"type": "Point", "coordinates": [-73.63999938964844, -36.87]}, "properties": {"matched": true, "detecciones": 1, "fecha": "2026-10-02", "fuente": "GFW / Sentinel-1"}}, {"type": "Feature", "geometry": {"type": "Point", "coordinates": [-73.08000183105469, -41.73]}, "properties": {"matched": true, "detecciones": 1, "fecha": "2026-09-15", "fuente": "GFW / Sentinel-1"}}, {"type": "Feature", "geometry": {"type": "Point", "coordinates": [-72.88999938964844, -42.69]}, "properties": {"matched": true, "detecciones": 1, "fecha": "2026-09-09", "fuente": "GFW / Sentinel-1"}}, {"type": "Feature", "geometry": {"type": "Point", "coordinates": [-73.41000366210938, -42.77]}, "properties": {"matched": true, "detecciones": 1, "fecha": "2026-10-03", "fuente": "GFW / Sentinel-1"}}, {"type": "Feature", "geometry": {"type": "Point", "coordinates": [-67.33000183105469, -45.8]}, "properties": {"matched": true, "detecciones": 1, "fecha": "2026-09-25", "fuente": "GFW / Sentinel-1"}}, {"type": "Feature", "geometry": {"type": "Point", "coordinates": [-73.16999816894531, -37.04]}, "properties": {"matched": true, "detecciones": 1, "fecha": "2026-09-15", "fuente": "GFW / Sentinel-1"}}, {"type": "Feature", "geometry": {"type": "Point", "coordinates": [-73.33000183105469, -42.32]}, "properties": {"matched": true, "detecciones": 1, "fecha": "2026-09-21", "fuente": "GFW / Sentinel-1"}}, {"type": "Feature", "geometry": {"type": "Point", "coordinates": [-73.83999633789062, -45.64]}, "properties": {"matched": true, "detecciones": 1, "fecha": "2026-09-12", "fuente": "GFW / Sentinel-1"}}, {"type": "Feature", "geometry": {"type": "Point", "coordinates": [-73.30000305175781, -43.55]}, "properties": {"matched": true, "detecciones": 1, "fecha": "2026-09-09", "fuente": "GFW / Sentinel-1"}}, {"type": "Feature", "geometry": {"type": "Point", "coordinates": [-73.11000061035156, -36.33]}, "properties": {"matched": true, "detecciones": 1, "fecha": "2026-09-20", "fuente": "GFW / Sentinel-1"}}, {"type": "Feature", "geometry": {"type": "Point", "coordinates": [-61.9900016784668, -38.97]}, "properties": {"matched": true, "detecciones": 1, "fecha": "2026-09-25", "fuente": "GFW / Sentinel-1"}}, {"type": "Feature", "geometry": {"type": "Point", "coordinates": [-67.05999755859375, -45.75]}, "properties": {"matched": true, "detecciones": 1, "fecha": "2026-09-18", "fuente": "GFW / Sentinel-1"}}, {"type": "Feature", "geometry": {"type": "Point", "coordinates": [-69.5199966430664, -52.46]}, "properties": {"matched": true, "detecciones": 1, "fecha": "2026-09-24", "fuente": "GFW / Sentinel-1"}}, {"type": "Feature", "geometry": {"type": "Point", "coordinates": [-61.540000915527344, -39.31]}, "properties": {"matched": true, "detecciones": 1, "fecha": "2026-09-14", "fuente": "GFW / Sentinel-1"}}, {"type": "Feature", "geometry": {"type": "Point", "coordinates": [-73.29000091552734, -43.26]}, "properties": {"matched": true, "detecciones": 1, "fecha": "2026-09-15", "fuente": "GFW / Sentinel-1"}}, {"type": "Feature", "geometry": {"type": "Point", "coordinates": [-73.48999786376953, -41.82]}, "properties": {"matched": true, "detecciones": 1, "fecha": "2026-09-21", "fuente": "GFW / Sentinel-1"}}, {"type": "Feature", "geometry": {"type": "Point", "coordinates": [-73.41999816894531, -36.48]}, "properties": {"matched": true, "detecciones": 1, "fecha": "2026-09-27", "fuente": "GFW / Sentinel-1"}}, {"type": "Feature", "geometry": {"type": "Point", "coordinates": [-72.62999725341797, -33.09]}, "properties": {"matched": true, "detecciones": 1, "fecha": "2026-09-20", "fuente": "GFW / Sentinel-1"}}, {"type": "Feature", "geometry": {"type": "Point", "coordinates": [-61.599998474121094, -39.29]}, "properties": {"matched": true, "detecciones": 1, "fecha": "2026-09-14", "fuente": "GFW / Sentinel-1"}}, {"type": "Feature", "geometry": {"type": "Point", "coordinates": [-73.37999725341797, -44.04]}, "properties": {"matched": true, "detecciones": 1, "fecha": "2026-09-09", "fuente": "GFW / Sentinel-1"}}, {"type": "Feature", "geometry": {"type": "Point", "coordinates": [-73.0199966430664, -36.68]}, "properties": {"matched": true, "detecciones": 1, "fecha": "2026-09-15", "fuente": "GFW / Sentinel-1"}}, {"type": "Feature", "geometry": {"type": "Point", "coordinates": [-73.31999969482422, -43.51]}, "properties": {"matched": true, "detecciones": 1, "fecha": "2026-10-03", "fuente": "GFW / Sentinel-1"}}, {"type": "Feature", "geometry": {"type": "Point", "coordinates": [-63.689998626708984, -42.84]}, "properties": {"matched": true, "detecciones": 1, "fecha": "2026-09-13", "fuente": "GFW / Sentinel-1"}}, {"type": "Feature", "geometry": {"type": "Point", "coordinates": [-61.52000045776367, -39.37]}, "properties": {"matched": true, "detecciones": 1, "fecha": "2026-09-20", "fuente": "GFW / Sentinel-1"}}, {"type": "Feature", "geometry": {"type": "Point", "coordinates": [-72.87000274658203, -42.83]}, "properties": {"matched": true, "detecciones": 1, "fecha": "2026-09-14", "fuente": "GFW / Sentinel-1"}}, {"type": "Feature", "geometry": {"type": "Point", "coordinates": [-73.62000274658203, -45.39]}, "properties": {"matched": true, "detecciones": 1, "fecha": "2026-10-03", "fuente": "GFW / Sentinel-1"}}, {"type": "Feature", "geometry": {"type": "Point", "coordinates": [-70.86000061035156, -53.09]}, "properties": {"matched": true, "detecciones": 1, "fecha": "2026-09-24", "fuente": "GFW / Sentinel-1"}}, {"type": "Feature", "geometry": {"type": "Point", "coordinates": [-73.05999755859375, -36.7]}, "properties": {"matched": true, "detecciones": 1, "fecha": "2026-09-27", "fuente": "GFW / Sentinel-1"}}, {"type": "Feature", "geometry": {"type": "Point", "coordinates": [-62.029998779296875, -40.86]}, "properties": {"matched": true, "detecciones": 1, "fecha": "2026-09-20", "fuente": "GFW / Sentinel-1"}}, {"type": "Feature", "geometry": {"type": "Point", "coordinates": [-73.45999908447266, -44.39]}, "properties": {"matched": true, "detecciones": 1, "fecha": "2026-09-27", "fuente": "GFW / Sentinel-1"}}, {"type": "Feature", "geometry": {"type": "Point", "coordinates": [-73.9800033569336, -51.61]}, "properties": {"matched": true, "detecciones": 1, "fecha": "2026-09-22", "fuente": "GFW / Sentinel-1"}}, {"type": "Feature", "geometry": {"type": "Point", "coordinates": [-64.2300033569336, -42.9]}, "properties": {"matched": true, "detecciones": 1, "fecha": "2026-09-13", "fuente": "GFW / Sentinel-1"}}, {"type": "Feature", "geometry": {"type": "Point", "coordinates": [-72.6500015258789, -42.14]}, "properties": {"matched": true, "detecciones": 1, "fecha": "2026-09-26", "fuente": "GFW / Sentinel-1"}}, {"type": "Feature", "geometry": {"type": "Point", "coordinates": [-52.11000061035156, -33.38]}, "properties": {"matched": true, "detecciones": 1, "fecha": "2026-09-30", "fuente": "GFW / Sentinel-1"}}, {"type": "Feature", "geometry": {"type": "Point", "coordinates": [-73.54000091552734, -45.61]}, "properties": {"matched": true, "detecciones": 1, "fecha": "2026-09-15", "fuente": "GFW / Sentinel-1"}}, {"type": "Feature", "geometry": {"type": "Point", "coordinates": [-73.66999816894531, -43.79]}, "properties": {"matched": true, "detecciones": 1, "fecha": "2026-09-09", "fuente": "GFW / Sentinel-1"}}, {"type": "Feature", "geometry": {"type": "Point", "coordinates": [-73.08000183105469, -41.73]}, "properties": {"matched": true, "detecciones": 1, "fecha": "2026-09-14", "fuente": "GFW / Sentinel-1"}}, {"type": "Feature", "geometry": {"type": "Point", "coordinates": [-71.79000091552734, -33.21]}, "properties": {"matched": true, "detecciones": 1, "fecha": "2026-09-28", "fuente": "GFW / Sentinel-1"}}, {"type": "Feature", "geometry": {"type": "Point", "coordinates": [-71.6500015258789, -33.58]}, "properties": {"matched": true, "detecciones": 1, "fecha": "2026-10-02", "fuente": "GFW / Sentinel-1"}}, {"type": "Feature", "geometry": {"type": "Point", "coordinates": [-73.33000183105469, -43.64]}, "properties": {"matched": true, "detecciones": 1, "fecha": "2026-09-19", "fuente": "GFW / Sentinel-1"}}, {"type": "Feature", "geometry": {"type": "Point", "coordinates": [-71.66999816894531, -33.6]}, "properties": {"matched": true, "detecciones": 1, "fecha": "2026-09-27", "fuente": "GFW / Sentinel-1"}}, {"type": "Feature", "geometry": {"type": "Point", "coordinates": [-61.529998779296875, -39.29]}, "properties": {"matched": true, "detecciones": 1, "fecha": "2026-09-26", "fuente": "GFW / Sentinel-1"}}, {"type": "Feature", "geometry": {"type": "Point", "coordinates": [-52.220001220703125, -34.46]}, "properties": {"matched": true, "detecciones": 1, "fecha": "2026-10-05", "fuente": "GFW / Sentinel-1"}}, {"type": "Feature", "geometry": {"type": "Point", "coordinates": [-62.02000045776367, -38.96]}, "properties": {"matched": true, "detecciones": 1, "fecha": "2026-09-13", "fuente": "GFW / Sentinel-1"}}, {"type": "Feature", "geometry": {"type": "Point", "coordinates": [-73.66000366210938, -45.21]}, "properties": {"matched": true, "detecciones": 1, "fecha": "2026-09-12", "fuente": "GFW / Sentinel-1"}}, {"type": "Feature", "geometry": {"type": "Point", "coordinates": [-73.05000305175781, -36.7]}, "properties": {"matched": true, "detecciones": 1, "fecha": "2026-09-20", "fuente": "GFW / Sentinel-1"}}, {"type": "Feature", "geometry": {"type": "Point", "coordinates": [-73.05999755859375, -36.71]}, "properties": {"matched": true, "detecciones": 1, "fecha": "2026-10-02", "fuente": "GFW / Sentinel-1"}}, {"type": "Feature", "geometry": {"type": "Point", "coordinates": [-61.95000076293945, -38.98]}, "properties": {"matched": true, "detecciones": 1, "fecha": "2026-09-20", "fuente": "GFW / Sentinel-1"}}, {"type": "Feature", "geometry": {"type": "Point", "coordinates": [-72.76000213623047, -41.64]}, "properties": {"matched": true, "detecciones": 1, "fecha": "2026-09-26", "fuente": "GFW / Sentinel-1"}}, {"type": "Feature", "geometry": {"type": "Point", "coordinates": [-61.279998779296875, -40.22]}, "properties": {"matched": true, "detecciones": 1, "fecha": "2026-09-26", "fuente": "GFW / Sentinel-1"}}, {"type": "Feature", "geometry": {"type": "Point", "coordinates": [-73.6500015258789, -43.26]}, "properties": {"matched": true, "detecciones": 1, "fecha": "2026-09-19", "fuente": "GFW / Sentinel-1"}}, {"type": "Feature", "geometry": {"type": "Point", "coordinates": [-67.33000183105469, -45.78]}, "properties": {"matched": true, "detecciones": 1, "fecha": "2026-09-18", "fuente": "GFW / Sentinel-1"}}, {"type": "Feature", "geometry": {"type": "Point", "coordinates": [-73.05000305175781, -36.7]}, "properties": {"matched": true, "detecciones": 1, "fecha": "2026-09-27", "fuente": "GFW / Sentinel-1"}}, {"type": "Feature", "geometry": {"type": "Point", "coordinates": [-73.36000061035156, -43.77]}, "properties": {"matched": true, "detecciones": 1, "fecha": "2026-09-15", "fuente": "GFW / Sentinel-1"}}, {"type": "Feature", "geometry": {"type": "Point", "coordinates": [-66.44999694824219, -49.39]}, "properties": {"matched": true, "detecciones": 1, "fecha": "2026-09-26", "fuente": "GFW / Sentinel-1"}}, {"type": "Feature", "geometry": {"type": "Point", "coordinates": [-67.44000244140625, -45.87]}, "properties": {"matched": true, "detecciones": 1, "fecha": "2026-09-30", "fuente": "GFW / Sentinel-1"}}, {"type": "Feature", "geometry": {"type": "Point", "coordinates": [-73.02999877929688, -41.6]}, "properties": {"matched": true, "detecciones": 1, "fecha": "2026-09-26", "fuente": "GFW / Sentinel-1"}}, {"type": "Feature", "geometry": {"type": "Point", "coordinates": [-61.95000076293945, -38.97]}, "properties": {"matched": true, "detecciones": 1, "fecha": "2026-09-14", "fuente": "GFW / Sentinel-1"}}, {"type": "Feature", "geometry": {"type": "Point", "coordinates": [-71.23999786376953, -53.92]}, "properties": {"matched": true, "detecciones": 1, "fecha": "2026-10-06", "fuente": "GFW / Sentinel-1"}}, {"type": "Feature", "geometry": {"type": "Point", "coordinates": [-61.849998474121094, -39.01]}, "properties": {"matched": true, "detecciones": 1, "fecha": "2026-09-14", "fuente": "GFW / Sentinel-1"}}, {"type": "Feature", "geometry": {"type": "Point", "coordinates": [-58.619998931884766, -38.65]}, "properties": {"matched": true, "detecciones": 1, "fecha": "2026-10-03", "fuente": "GFW / Sentinel-1"}}, {"type": "Feature", "geometry": {"type": "Point", "coordinates": [-65.01000213623047, -41.69]}, "properties": {"matched": true, "detecciones": 1, "fecha": "2026-09-13", "fuente": "GFW / Sentinel-1"}}, {"type": "Feature", "geometry": {"type": "Point", "coordinates": [-61.810001373291016, -39.08]}, "properties": {"matched": true, "detecciones": 1, "fecha": "2026-09-14", "fuente": "GFW / Sentinel-1"}}, {"type": "Feature", "geometry": {"type": "Point", "coordinates": [-60.529998779296875, -39.28]}, "properties": {"matched": true, "detecciones": 1, "fecha": "2026-09-09", "fuente": "GFW / Sentinel-1"}}, {"type": "Feature", "geometry": {"type": "Point", "coordinates": [-71.6500015258789, -33.6]}, "properties": {"matched": true, "detecciones": 1, "fecha": "2026-10-02", "fuente": "GFW / Sentinel-1"}}, {"type": "Feature", "geometry": {"type": "Point", "coordinates": [-73.44999694824219, -44.36]}, "properties": {"matched": true, "detecciones": 1, "fecha": "2026-09-19", "fuente": "GFW / Sentinel-1"}}, {"type": "Feature", "geometry": {"type": "Point", "coordinates": [-73.02999877929688, -36.69]}, "properties": {"matched": true, "detecciones": 1, "fecha": "2026-09-15", "fuente": "GFW / Sentinel-1"}}, {"type": "Feature", "geometry": {"type": "Point", "coordinates": [-73.5, -44.74]}, "properties": {"matched": true, "detecciones": 1, "fecha": "2026-09-24", "fuente": "GFW / Sentinel-1"}}, {"type": "Feature", "geometry": {"type": "Point", "coordinates": [-73.48999786376953, -44.62]}, "properties": {"matched": true, "detecciones": 1, "fecha": "2026-09-24", "fuente": "GFW / Sentinel-1"}}, {"type": "Feature", "geometry": {"type": "Point", "coordinates": [-73.23999786376953, -42.51]}, "properties": {"matched": true, "detecciones": 1, "fecha": "2026-10-02", "fuente": "GFW / Sentinel-1"}}, {"type": "Feature", "geometry": {"type": "Point", "coordinates": [-73.44999694824219, -44.36]}, "properties": {"matched": true, "detecciones": 1, "fecha": "2026-09-21", "fuente": "GFW / Sentinel-1"}}, {"type": "Feature", "geometry": {"type": "Point", "coordinates": [-53.290000915527344, -33.96]}, "properties": {"matched": true, "detecciones": 1, "fecha": "2026-09-23", "fuente": "GFW / Sentinel-1"}}, {"type": "Feature", "geometry": {"type": "Point", "coordinates": [-73.66999816894531, -45.87]}, "properties": {"matched": true, "detecciones": 1, "fecha": "2026-09-27", "fuente": "GFW / Sentinel-1"}}, {"type": "Feature", "geometry": {"type": "Point", "coordinates": [-71.2699966430664, -53.95]}, "properties": {"matched": true, "detecciones": 1, "fecha": "2026-09-30", "fuente": "GFW / Sentinel-1"}}, {"type": "Feature", "geometry": {"type": "Point", "coordinates": [-61.439998626708984, -39.29]}, "properties": {"matched": true, "detecciones": 1, "fecha": "2026-09-20", "fuente": "GFW / Sentinel-1"}}, {"type": "Feature", "geometry": {"type": "Point", "coordinates": [-68.69999694824219, -54.89]}, "properties": {"matched": true, "detecciones": 1, "fecha": "2026-09-19", "fuente": "GFW / Sentinel-1"}}, {"type": "Feature", "geometry": {"type": "Point", "coordinates": [-73.81999969482422, -45.44]}, "properties": {"matched": true, "detecciones": 1, "fecha": "2026-10-03", "fuente": "GFW / Sentinel-1"}}]}